course_name,play_date,tee_time,green_fee,source,booking_url,slots,hole_info
이천실크밸리,2026-09-19,13:38,155000,golfpang,,,
양평TPC,2026-09-19,13:15,160000,golfpang,,,
젠스필드,2026-09-19,18:52,100000,golfpang,,,
빅토리아-퍼9,2026-09-19,17:38,99000,golfpang,,,
이천실크밸리,2026-09-19,12:49,155000,golfpang,,,
해솔리아,2026-09-19,13:12,170000,golfpang,,,
젠스필드,2026-09-19,17:49,110000,golfpang,,,
이천실크밸리,2026-09-19,18:24,110000,golfpang,,,
신안(병행),2026-09-19,18:24,100000,golfpang,,,
용인(비공개),2026-09-19,17:35,150000,golfpang,,,
리베라,2026-09-19,18:52,140000,golfpang,,,
용인(비공개),2026-09-19,17:21,150000,golfpang,,,
포웰(안성)cc,2026-09-19,17:50,120000,golfpang,,,
리베라,2026-09-19,18:03,140000,golfpang,,,
리베라,2026-09-19,17:49,140000,golfpang,,,
이천실크밸리,2026-09-19,13:24,155000,golfpang,,,
젠스필드,2026-09-19,18:24,100000,golfpang,,,
이천실크밸리,2026-09-19,13:52,155000,golfpang,,,
이글몬트,2026-09-19,13:46,170000,golfpang,,,
360도,2026-09-19,14:06,160000,golfpang,,,
한림용인,2026-09-19,13:53,170000,golfpang,,,
젠스필드,2026-09-19,18:38,100000,golfpang,,,
이천실크밸리,2026-09-19,18:03,110000,golfpang,,,
한림용인,2026-09-19,14:00,170000,golfpang,,,
신안,2026-09-19,18:45,110000,golfpang,,,
리베라,2026-09-19,18:45,140000,golfpang,,,
이글몬트,2026-09-19,13:53,170000,golfpang,,,
이글몬트,2026-09-19,13:32,170000,golfpang,,,
양평TPC,2026-09-19,13:08,160000,golfpang,,,
양평TPC,2026-09-19,13:01,160000,golfpang,,,
그린힐,2026-09-19,18:38,110000,golfpang,,,
젠스필드,2026-09-19,18:45,100000,golfpang,,,
한림용인,2026-09-19,14:07,170000,golfpang,,,
이천실크밸리,2026-09-19,12:07,155000,golfpang,,,
아세코밸리-퍼9,2026-09-19,12:37,130000,golfpang,,,
이포,2026-09-19,18:13,155000,golfpang,,,
골프존 송도(구.오렌지듄스),2026-09-19,13:43,199000,golfpang,,,
용인(비공개),2026-09-19,13:52,199000,golfpang,,,
용인(비공개),2026-09-19,18:17,150000,golfpang,,,
용인(비공개),2026-09-19,14:06,199000,golfpang,,,
골프존 송도(구.오렌지듄스),2026-09-19,06:11,199000,golfpang,,,
골프존 안성H,2026-09-19,13:31,185000,golfpang,,,
골프존 안성H,2026-09-19,13:38,185000,golfpang,,,
골프존 안성H,2026-09-19,13:38,185000,golfpang,,,
양평TPC,2026-09-19,13:15,160000,golfpang,,,
용인(비공개),2026-09-19,13:52,199000,golfpang,,,
용인(비공개),2026-09-19,14:06,199000,golfpang,,,
용인(비공개),2026-09-19,18:17,150000,golfpang,,,
한림용인,2026-09-19,12:57,190000,golfpang,,,
한림용인,2026-09-19,11:40,220000,golfpang,,,
한림용인,2026-09-19,12:22,200000,golfpang,,,
양평TPC,2026-09-19,13:57,160000,golfpang,,,
양평TPC,2026-09-19,13:36,160000,golfpang,,,
한림용인,2026-09-19,13:32,180000,golfpang,,,
남이천(비공개),2026-09-19,06:28,210000,golfpang,,,
한림용인,2026-09-19,12:15,200000,golfpang,,,
한림용인,2026-09-19,12:57,190000,golfpang,,,
비에이비스타,2026-09-19,14:00,170000,golfpang,,,
써닝포인트,2026-09-19,17:57,165000,golfpang,,,
클럽72,2026-09-19,19:00,140000,golfpang,,,
360도,2026-09-19,11:37,190000,golfpang,,,
스카이밸리,2026-09-19,13:32,200000,golfpang,,,
포웰(안성)cc,2026-09-19,12:54,162000,golfpang,,,
이포,2026-09-19,12:54,200000,golfpang,,,
신라,2026-09-19,12:36,190000,golfpang,,,
한림용인,2026-09-19,12:15,200000,golfpang,,,
이포,2026-09-19,12:54,200000,golfpang,,,
신라,2026-09-19,13:32,180000,golfpang,,,
신라,2026-09-19,06:17,200000,golfpang,,,
포웰(안성)cc,2026-09-19,12:54,162000,golfpang,,,
한림용인,2026-09-19,17:38,158000,golfpang,,,
스카이밸리,2026-09-19,13:32,200000,golfpang,,,
마이다스레이크 이천,2026-09-19,14:03,190000,golfpang,,,
한림용인,2026-09-19,12:57,190000,golfpang,,,
신라,2026-09-19,12:36,190000,golfpang,,,
한림용인,2026-09-19,13:32,180000,golfpang,,,
골프존 안성H,2026-09-19,13:45,185000,golfpang,,,
골프존 안성H,2026-09-19,13:31,185000,golfpang,,,
골프존 안성H,2026-09-19,13:38,185000,golfpang,,,
용인플라자,2026-09-19,17:30,160000,golfpang,,,
윈체스트,2026-09-19,06:14,230000,golfpang,,,
윈체스트,2026-09-19,18:03,160000,golfpang,,,
안성(비공개),2026-09-19,13:02,220000,golfpang,,,
캐슬렉스,2026-09-19,06:39,280000,golfpang,,,
윈체스트,2026-09-19,13:03,220000,golfpang,,,
윈체스트,2026-09-19,12:04,230000,golfpang,,,
캐슬렉스,2026-09-19,13:29,280000,golfpang,,,
신라,2026-09-19,12:22,200000,golfpang,,,
세현,2026-09-19,17:48,180000,golfpang,,,
세현,2026-09-19,18:09,170000,golfpang,,,
세현,2026-09-19,18:02,180000,golfpang,,,
세현,2026-09-19,18:30,170000,golfpang,,,
빅토리아-퍼9,2026-09-19,18:27,-1,golfpang,,,
세현,2026-09-19,18:23,170000,golfpang,,,
리베라,2026-09-19,17:42,150000,golfpang,,,
빅토리아-퍼9,2026-09-19,17:38,-1,golfpang,,,
그린힐,2026-09-19,17:35,140000,golfpang,,,
신라,2026-09-19,14:14,180000,golfpang,,,
유니아일랜드,2026-09-19,15:28,170000,golfpang,,,
유니아일랜드,2026-09-19,15:28,170000,golfpang,,,
이글몬트,2026-09-20,13:39,170000,golfpang,,,
이천실크밸리,2026-09-20,18:24,80000,golfpang,,,
양평TPC,2026-09-20,12:19,160000,golfpang,,,
한림용인,2026-09-20,13:25,170000,golfpang,,,
리베라,2026-09-20,18:10,120000,golfpang,,,
골프존 송도(구.오렌지듄스),2026-09-20,13:36,179000,golfpang,,,
젠스필드,2026-09-20,18:03,80000,golfpang,,,
양평TPC,2026-09-20,12:26,160000,golfpang,,,
리베라,2026-09-20,18:31,110000,golfpang,,,
한림용인,2026-09-20,14:00,165000,golfpang,,,
빅토리아-퍼9,2026-09-20,12:52,114000,golfpang,,,
그린힐,2026-09-20,18:59,80000,golfpang,,,
안성베네스트(클),2026-09-20,13:59,179000,golfpang,,,
이글몬트,2026-09-20,12:57,180000,golfpang,,,
포웰(안성)cc,2026-09-20,12:40,162000,golfpang,,,
유니아일랜드,2026-09-20,11:15,150000,golfpang,,,
에덴블루,2026-09-20,13:08,142500,golfpang,,,
젠스필드,2026-09-20,17:42,90000,golfpang,,,
안성베네스트(클),2026-09-20,14:13,179000,golfpang,,,
솔모로,2026-09-20,13:42,170000,golfpang,,,
이천실크밸리,2026-09-20,11:32,155000,golfpang,,,
양지파인,2026-09-20,11:51,170000,golfpang,,,
신안(병행),2026-09-20,18:10,80000,golfpang,,,
안성베네스트(챌),2026-09-20,13:45,179000,golfpang,,,
양평TPC,2026-09-20,13:15,150000,golfpang,,,
에덴블루,2026-09-20,13:29,142500,golfpang,,,
해솔리아,2026-09-20,17:01,120000,golfpang,,,
신안(병행),2026-09-20,17:56,80000,golfpang,,,
리베라,2026-09-20,18:24,110000,golfpang,,,
솔모로,2026-09-20,13:42,170000,golfpang,,,
해솔리아,2026-09-20,17:08,120000,golfpang,,,
리베라,2026-09-20,17:56,120000,golfpang,,,
리베라,2026-09-20,17:35,120000,golfpang,,,
이천실크밸리,2026-09-20,17:42,90000,golfpang,,,
젠스필드,2026-09-20,17:14,90000,golfpang,,,
이글몬트,2026-09-20,12:50,180000,golfpang,,,
골프존 송도(구.오렌지듄스),2026-09-20,12:47,179000,golfpang,,,
솔모로,2026-09-20,12:32,180000,golfpang,,,
에덴블루,2026-09-20,12:23,150000,golfpang,,,
양지파인,2026-09-20,12:21,160000,golfpang,,,
리베라,2026-09-20,18:17,110000,golfpang,,,
그린힐,2026-09-20,18:24,90000,golfpang,,,
에덴블루,2026-09-20,12:16,150000,golfpang,,,
신안(병행),2026-09-20,18:10,80000,golfpang,,,
마이다스레이크 이천,2026-09-20,14:17,180000,golfpang,,,
이천실크밸리,2026-09-20,07:24,160000,golfpang,,,
신안,2026-09-20,19:20,80000,golfpang,,,
젠스필드,2026-09-20,12:15,160000,golfpang,,,
한림용인,2026-09-20,06:17,170000,golfpang,,,
리베라,2026-09-20,17:35,120000,golfpang,,,
그린힐,2026-09-20,18:17,90000,golfpang,,,
한림용인,2026-09-20,14:07,165000,golfpang,,,
양지파인,2026-09-20,13:29,160000,golfpang,,,
신안(병행),2026-09-20,17:28,90000,golfpang,,,
신안,2026-09-20,18:59,80000,golfpang,,,
리베라,2026-09-20,18:31,110000,golfpang,,,
이글몬트,2026-09-20,07:30,190000,golfpang,,,
이글몬트,2026-09-20,13:39,170000,golfpang,,,
양평TPC,2026-09-20,13:50,150000,golfpang,,,
해솔리아,2026-09-20,17:22,120000,golfpang,,,
에덴블루,2026-09-20,13:08,142500,golfpang,,,
그린힐,2026-09-20,18:10,90000,golfpang,,,
신안,2026-09-20,19:13,80000,golfpang,,,
젠스필드,2026-09-20,18:38,75000,golfpang,,,
한림용인,2026-09-20,14:00,165000,golfpang,,,
솔모로,2026-09-20,13:42,170000,golfpang,,,
360도,2026-09-20,12:00,177000,golfpang,,,
솔모로,2026-09-20,14:03,170000,golfpang,,,
빅토리아-퍼9,2026-09-20,12:24,114000,golfpang,,,
아세코밸리-퍼9,2026-09-20,12:37,130000,golfpang,,,
한림용인,2026-09-20,13:32,170000,golfpang,,,
이글몬트,2026-09-20,13:32,170000,golfpang,,,
양지파인,2026-09-20,12:14,170000,golfpang,,,
그린힐,2026-09-20,18:10,90000,golfpang,,,
골프존 안성W,2026-09-20,06:58,160000,golfpang,,,
이글몬트,2026-09-20,13:25,170000,golfpang,,,
안성베네스트(챌),2026-09-20,13:38,179000,golfpang,,,
양지파인,2026-09-20,12:51,160000,golfpang,,,
에덴블루,2026-09-20,13:46,142500,golfpang,,,
마이다스레이크 이천,2026-09-20,14:03,180000,golfpang,,,
해솔리아,2026-09-20,17:22,120000,golfpang,,,
신안(병행),2026-09-20,17:49,80000,golfpang,,,
해솔리아,2026-09-20,11:27,170000,golfpang,,,
아세코밸리-퍼9,2026-09-20,12:30,130000,golfpang,,,
클럽72,2026-09-20,18:25,120000,golfpang,,,
골프존 안성H,2026-09-20,06:30,190000,golfpang,,,
골프존 안성H,2026-09-20,14:20,180000,golfpang,,,
골프존 안성H,2026-09-20,06:44,190000,golfpang,,,
용인(비공개),2026-09-20,06:46,209000,golfpang,,,
용인(비공개),2026-09-20,14:06,180000,golfpang,,,
용인(비공개),2026-09-20,13:17,180000,golfpang,,,
한림용인,2026-09-20,06:03,170000,golfpang,,,
한림용인,2026-09-20,12:43,180000,golfpang,,,
한림용인,2026-09-20,12:57,180000,golfpang,,,
클럽72,2026-09-20,19:00,110000,golfpang,,,
클럽72,2026-09-20,13:03,180000,golfpang,,,
360도,2026-09-20,13:40,167000,golfpang,,,
양평TPC,2026-09-20,06:52,180000,golfpang,,,
양평TPC,2026-09-20,12:33,160000,golfpang,,,
포웰(안성)cc,2026-09-20,13:40,142000,golfpang,,,
비콘힐스,2026-09-21,17:58,60000,golfpang,,,
가평베네스트,2026-09-21,07:19,169000,golfpang,,,
비발디파크E,2026-09-21,07:02,136000,golfpang,,,
가평베네스트,2026-09-21,07:12,159000,golfpang,,,
베스트밸리-퍼9,2026-09-21,17:20,90000,golfpang,,,
남춘천,2026-09-21,07:07,110000,golfpang,,,
엘레강스(가명),2026-09-21,06:37,140000,golfpang,,,
홍천(비공개),2026-09-21,07:15,120000,golfpang,,,
오너스,2026-09-21,06:29,85000,golfpang,,,
비콘힐스,2026-09-21,18:05,60000,golfpang,,,
비콘힐스,2026-09-21,17:44,60000,golfpang,,,
엘레강스(가명),2026-09-21,06:51,150000,golfpang,,,
엘레강스(가명),2026-09-21,11:30,170000,golfpang,,,
엘레강스(가명),2026-09-21,08:29,160000,golfpang,,,
베스트밸리-퍼9,2026-09-21,17:41,90000,golfpang,,,
베스트밸리-퍼9,2026-09-21,12:35,130000,golfpang,,,
베스트밸리-퍼9,2026-09-21,07:50,140000,golfpang,,,
오너스,2026-09-21,14:11,105000,golfpang,,,
더플레이어스,2026-09-21,11:04,140000,golfpang,,,
강촌(비공개),2026-09-21,07:54,150000,golfpang,,,
오너스,2026-09-21,14:11,105000,golfpang,,,
더플레이어스,2026-09-21,13:03,140000,golfpang,,,
오너스,2026-09-21,06:15,85000,golfpang,,,
가평베네스트,2026-09-21,12:39,179000,golfpang,,,
가평베네스트,2026-09-21,06:37,159000,golfpang,,,
가평베네스트,2026-09-21,07:19,159000,golfpang,,,
가평베네스트,2026-09-21,12:39,179000,golfpang,,,
라싸,2026-09-21,13:07,119000,golfpang,,,
클럽모우,2026-09-21,14:09,130000,golfpang,,,
세레니티-강촌,2026-09-21,14:02,140000,golfpang,,,
라싸,2026-09-21,18:00,119000,golfpang,,,
세레니티-강촌,2026-09-21,17:59,110000,golfpang,,,
스프링베일-퍼9,2026-09-21,17:15,80000,golfpang,,,
한림광릉,2026-09-21,17:09,170000,golfpang,,,
비콘힐스,2026-09-21,17:02,60000,golfpang,,,
샤인데일,2026-09-21,11:52,110000,golfpang,,,
비콘힐스,2026-09-21,11:47,100000,golfpang,,,
더플레이어스,2026-09-21,11:39,140000,golfpang,,,
남양주(퍼9),2026-09-21,12:14,109000,golfpang,,,
가평베네스트,2026-09-21,12:11,190000,golfpang,,,
스프링베일-퍼9,2026-09-21,12:05,95000,golfpang,,,
비콘힐스,2026-09-21,07:35,80000,golfpang,,,
홍천(비공개),2026-09-21,07:30,120000,golfpang,,,
남춘천,2026-09-21,13:49,130000,golfpang,,,
남양주(퍼9),2026-09-21,16:20,89000,golfpang,,,
오너스,2026-09-21,07:11,100000,golfpang,,,
라싸,2026-09-21,07:16,119000,golfpang,,,
스프링베일-퍼9,2026-09-21,07:55,80000,golfpang,,,
가평베네스트,2026-09-21,07:40,175000,golfpang,,,
엘레강스(가명),2026-09-21,08:29,160000,golfpang,,,
샤인데일,2026-09-21,08:19,90000,golfpang,,,
엘레강스(가명),2026-09-21,11:37,170000,golfpang,,,
샤인데일,2026-09-21,13:23,100000,golfpang,,,
남춘천,2026-09-21,07:00,110000,golfpang,,,
라싸,2026-09-21,06:34,109000,golfpang,,,
남양주(퍼9),2026-09-21,06:34,89000,golfpang,,,
더플레이어스,2026-09-21,06:44,110000,golfpang,,,
스마트KU,2026-09-21,06:44,150000,golfpang,,,
한림광릉,2026-09-21,06:38,120000,golfpang,,,
클럽모우,2026-09-21,06:37,110000,golfpang,,,
세레니티-강촌,2026-09-21,06:37,120000,golfpang,,,
푸른솔포천,2026-09-21,06:56,160000,golfpang,,,
홍천(비공개),2026-09-21,13:47,120000,golfpang,,,
한림광릉,2026-09-21,13:48,160000,golfpang,,,
푸른솔포천,2026-09-21,13:32,190000,golfpang,,,
푸른솔포천,2026-09-21,13:48,180000,golfpang,,,
라싸,2026-09-21,06:48,109000,golfpang,,,
더플레이어스,2026-09-21,07:40,120000,golfpang,,,
오너스,2026-09-21,14:00,110000,golfpang,,,
가평베네스트,2026-09-21,12:39,179000,golfpang,,,
가평베네스트,2026-09-21,07:19,159000,golfpang,,,
강촌(비공개),2026-09-21,12:33,170000,golfpang,,,
파주타이거,2026-09-21,06:21,130000,golfpang,,,
파주타이거,2026-09-21,12:26,160000,golfpang,,,
남춘천,2026-09-21,14:03,130000,golfpang,,,
한탄강,2026-09-21,08:10,120000,golfpang,,,
홍천(비공개),2026-09-21,13:39,120000,golfpang,,,
한림광릉,2026-09-21,14:02,160000,golfpang,,,
남춘천,2026-09-21,13:56,130000,golfpang,,,
푸른솔포천,2026-09-21,14:02,170000,golfpang,,,
스프링베일-퍼9,2026-09-21,17:15,80000,golfpang,,,
베스트밸리-퍼9,2026-09-21,16:31,100000,golfpang,,,
비콘힐스,2026-09-21,18:05,60000,golfpang,,,
비콘힐스,2026-09-21,11:54,100000,golfpang,,,
스프링베일-퍼9,2026-09-21,11:54,95000,golfpang,,,
엘레강스(가명),2026-09-21,12:33,170000,golfpang,,,
베스트밸리-퍼9,2026-09-21,12:28,130000,golfpang,,,
파주,2026-09-21,12:27,200000,golfpang,,,
남양주(퍼9),2026-09-21,12:20,109000,golfpang,,,
파주타이거,2026-09-21,12:19,160000,golfpang,,,
오너스,2026-09-21,12:12,120000,golfpang,,,
라싸,2026-09-21,12:39,149000,golfpang,,,
샤인데일,2026-09-21,13:16,100000,golfpang,,,
파주타이거,2026-09-21,13:08,150000,golfpang,,,
비콘힐스,2026-09-21,07:35,80000,golfpang,,,
스프링베일-퍼9,2026-09-21,07:34,80000,golfpang,,,
한림광릉,2026-09-21,07:34,140000,golfpang,,,
코브스윙,2026-09-21,07:27,140000,golfpang,,,
더플레이어스,2026-09-21,07:26,120000,golfpang,,,
한림광릉,2026-09-21,07:55,140000,golfpang,,,
