course_name,play_date,tee_time,green_fee,source,booking_url,slots,hole_info,row_id
리베라,2026-09-18,18:59,140000,golfpang,,,18홀,tr_220346171
클럽72,2026-09-18,19:35,120000,golfpang,,,18홀,tr_219437847
떼제베(동북),2026-09-18,18:51,130000,golfpang,,,18홀,tr_220209648
포웰(안성)cc,2026-09-18,19:14,85000,golfpang,,,18홀,tr_220339313
용인플라자,2026-09-18,18:20,140000,golfpang,,,18홀,tr_219112633
한림용인,2026-09-18,18:00,125000,golfpang,,,18홀,tr_219810802
세레니티-강촌,2026-09-18,18:56,110000,golfpang,,,18홀,tr_220366434
세레니티-강촌,2026-09-18,18:42,110000,golfpang,,,18홀,tr_220366433
세레니티-강촌,2026-09-18,18:28,110000,golfpang,,,18홀,tr_220366431
라싸,2026-09-18,17:32,149000,golfpang,,,18홀,tr_220209385
알펜시아700,2026-09-18,17:30,70000,golfpang,,,18홀,tr_220205228
대호단양,2026-09-18,17:11,99000,golfpang,,,18홀,tr_220209216
알프스대영,2026-09-18,16:54,89000,golfpang,,,18홀,tr_220205234
남양주(퍼9),2026-09-18,16:47,119000,golfpang,,,18홀,tr_219002120
라싸,2026-09-18,18:00,139000,golfpang,,,18홀,tr_220209386
한림용인,2026-09-18,17:59,130000,golfpang,,,18홀,tr_220208856
해솔리아,2026-09-18,17:50,140000,golfpang,,,18홀,tr_220204885
오로라,2026-09-18,17:50,90000,golfpang,,,18홀,tr_220209618
모나크,2026-09-18,17:48,110000,golfpang,,,18홀,tr_220205046
이븐데일,2026-09-18,18:06,80000,golfpang,,,18홀,tr_220209600
킹즈락,2026-09-18,18:06,80000,golfpang,,,18홀,tr_220209611
아세코밸리-퍼9,2026-09-18,18:06,120000,golfpang,,,18홀,tr_219995804
한림용인,2026-09-18,18:06,130000,golfpang,,,18홀,tr_220208857
해솔리아,2026-09-18,18:04,130000,golfpang,,,18홀,tr_220087730
베스트밸리-퍼9,2026-09-18,18:02,130000,golfpang,,,18홀,tr_220209401
대호단양,2026-09-18,18:00,89000,golfpang,,,18홀,tr_220209217
포웰(안성)cc,2026-09-18,18:18,118000,golfpang,,,18홀,tr_220204588
힐데스하임,2026-09-18,18:11,100000,golfpang,,,18홀,tr_220205210
모나크,2026-09-18,18:09,110000,golfpang,,,18홀,tr_220205047
세현,2026-09-18,18:09,150000,golfpang,,,18홀,tr_220204544
세현,2026-09-18,19:19,150000,golfpang,,,18홀,tr_220218369
오로라,2026-09-18,18:38,80000,golfpang,,,18홀,tr_220209619
파주,2026-09-18,18:37,160000,golfpang,,,18홀,tr_220209438
힐데스하임,2026-09-18,18:34,90000,golfpang,,,18홀,tr_220205209
한림용인,2026-09-18,18:34,130000,golfpang,,,18홀,tr_220208858
한림광릉,2026-09-18,18:41,130000,golfpang,,,18홀,tr_220209487
해솔리아,2026-09-18,18:39,130000,golfpang,,,18홀,tr_220204887
포레스트힐,2026-09-18,18:52,120000,golfpang,,,18홀,tr_220230705
알프스대영,2026-09-18,18:46,69000,golfpang,,,18홀,tr_220205235
포웰(안성)cc,2026-09-18,18:46,112000,golfpang,,,18홀,tr_220204589
파주타이거,2026-09-18,17:35,170000,golfpang,,,18홀,tr_220209468
클럽72,2026-09-18,19:14,130000,golfpang,,,18홀,tr_220208873
오로라,2026-09-18,19:10,80000,golfpang,,,18홀,tr_220306934
골프존 화랑,2026-09-18,19:10,99000,golfpang,,,18홀,tr_220026229
킹즈락,2026-09-18,17:52,75000,golfpang,,,18홀,tr_220259448
프린세스,2026-09-18,19:12,115000,golfpang,,,18홀,tr_220118525
포웰(안성)cc,2026-09-18,19:14,99000,golfpang,,,18홀,tr_220259720
알펜시아700,2026-09-18,19:15,70000,golfpang,,,18홀,tr_219888795
오로라,2026-09-18,17:50,100000,golfpang,,,18홀,tr_220202639
모나크,2026-09-18,17:48,110000,golfpang,,,18홀,tr_219468614
대호단양,2026-09-18,17:46,89000,golfpang,,,18홀,tr_219788169
라싸,2026-09-18,17:39,139000,golfpang,,,18홀,tr_220216312
세현,2026-09-18,18:09,150000,golfpang,,,18홀,tr_220012119
동서울cc-퍼9,2026-09-18,18:03,49000,golfpang,,,18홀,tr_219671943
이븐데일,2026-09-18,18:00,69000,golfpang,,,18홀,tr_220306661
대호단양,2026-09-18,18:00,89000,golfpang,,,18홀,tr_220297205
필로스,2026-09-18,18:00,130000,golfpang,,,18홀,tr_220084980
라싸,2026-09-18,18:00,139000,golfpang,,,18홀,tr_219717066
한림용인,2026-09-18,18:13,125000,golfpang,,,18홀,tr_220206687
아난티중앙(야간),2026-09-18,18:29,120000,golfpang,,,18홀,tr_220008262
남한강에스파크,2026-09-18,18:28,79000,golfpang,,,18홀,tr_219414412
필로스,2026-09-18,18:27,130000,golfpang,,,18홀,tr_220084981
세레니티cc,2026-09-18,18:27,130000,golfpang,,,18홀,tr_219157133
힐데스하임,2026-09-18,18:26,100000,golfpang,,,18홀,tr_220216384
스타,2026-09-18,18:24,100000,golfpang,,,18홀,tr_220033533
플라밍고,2026-09-18,18:24,120000,golfpang,,,18홀,tr_220125316
세현,2026-09-18,18:23,150000,golfpang,,,18홀,tr_220219127
포레스트힐,2026-09-18,18:38,120000,golfpang,,,18홀,tr_220230679
오로라,2026-09-18,18:38,80000,golfpang,,,18홀,tr_220202640
동서울cc-퍼9,2026-09-18,18:38,49000,golfpang,,,18홀,tr_219671944
파주타이거,2026-09-18,18:35,170000,golfpang,,,18홀,tr_220206706
세레니티cc,2026-09-18,18:34,120000,golfpang,,,18홀,tr_219157134
비콘힐스,2026-09-18,18:33,80000,golfpang,,,18홀,tr_220201900
알프스대영,2026-09-18,18:46,69000,golfpang,,,18홀,tr_220233117
스타,2026-09-18,18:45,100000,golfpang,,,18홀,tr_220033534
프린세스,2026-09-18,18:44,120000,golfpang,,,18홀,tr_220118524
파주,2026-09-18,18:44,160000,golfpang,,,18홀,tr_220205727
한림광릉,2026-09-18,18:41,130000,golfpang,,,18홀,tr_220206789
힐데스하임,2026-09-18,18:40,90000,golfpang,,,18홀,tr_220105607
모나크,2026-09-18,18:51,110000,golfpang,,,18홀,tr_220216077
킹즈락,2026-09-18,18:48,65000,golfpang,,,18홀,tr_220202822
한림용인,2026-09-18,18:48,120000,golfpang,,,18홀,tr_220206688
한림광릉,2026-09-18,18:48,130000,golfpang,,,18홀,tr_220342022
포웰(안성)cc,2026-09-18,18:46,109000,golfpang,,,18홀,tr_220259717
한림용인,2026-09-18,19:09,120000,golfpang,,,18홀,tr_220206689
비콘힐스,2026-09-18,19:08,80000,golfpang,,,18홀,tr_220201901
이븐데일,2026-09-18,19:03,69000,golfpang,,,18홀,tr_220214986
라싸,2026-09-18,19:03,139000,golfpang,,,18홀,tr_220216350
포레스트힐,2026-09-18,18:59,120000,golfpang,,,18홀,tr_218649494
포웰(안성)cc,2026-09-18,20:03,99000,golfpang,,,18홀,tr_220324566
세현,2026-09-18,19:33,150000,golfpang,,,18홀,tr_220012120
힐데스하임,2026-09-18,19:26,80000,golfpang,,,18홀,tr_220216381
킹즈락,2026-09-18,19:23,65000,golfpang,,,18홀,tr_220259450
세레니티cc,2026-09-18,19:23,120000,golfpang,,,18홀,tr_220297167
옥스필드,2026-09-18,18:25,50000,golfpang,,,18홀,tr_220217216
한림용인,2026-09-18,18:55,120000,golfpang,,,18홀,tr_220366257
한림용인,2026-09-18,18:48,125000,golfpang,,,18홀,tr_220366226
포웰(안성)cc,2026-09-18,18:46,85000,golfpang,,,18홀,tr_220209663
한림용인,2026-09-18,18:13,125000,golfpang,,,18홀,tr_220233309
포웰(안성)cc,2026-09-18,18:46,85000,golfpang,,,18홀,tr_220206303
비에이비스타(퍼),2026-09-18,18:38,80000,golfpang,,,18홀,tr_220289444
비에이비스타(퍼),2026-09-18,18:38,80000,golfpang,,,18홀,tr_220289451
한림광릉,2026-09-18,18:48,130000,golfpang,,,18홀,tr_220362352
한림광릉,2026-09-18,18:41,130000,golfpang,,,18홀,tr_220125668
포웰(안성)cc,2026-09-18,18:46,85000,golfpang,,,18홀,tr_220346565
포웰(안성)cc,2026-09-18,19:38,85000,golfpang,,,18홀,tr_220289400
포웰(안성)cc,2026-09-18,18:46,85000,golfpang,,,18홀,tr_220289360
스톤비치,2026-09-18,17:23,70000,golfpang,,,18홀,tr_217259542
클럽72,2026-09-18,19:35,120000,golfpang,,,18홀,tr_220297583
라싸,2026-09-18,18:35,129000,golfpang,,,18홀,tr_220261217
비에이비스타(퍼),2026-09-18,18:38,80000,golfpang,,,18홀,tr_220239998
한림용인,2026-09-18,19:02,120000,golfpang,,,18홀,tr_220362045
한림용인,2026-09-18,18:13,125000,golfpang,,,18홀,tr_220210571
그린힐,2026-09-18,18:38,110000,golfpang,,,18홀,tr_219991875
떼제베(동북),2026-09-18,18:02,110000,golfpang,,,18홀,tr_220211757
파주,2026-09-18,18:44,160000,golfpang,,,18홀,tr_220204641
한림용인,2026-09-18,18:48,120000,golfpang,,,18홀,tr_220210573
라싸,2026-09-18,18:35,129000,golfpang,,,18홀,tr_220327826
라싸,2026-09-18,18:35,129000,golfpang,,,18홀,tr_220346460
라싸,2026-09-18,18:35,129000,golfpang,,,18홀,tr_220216386
옥스필드,2026-09-18,18:25,50000,golfpang,,,18홀,tr_220054948
그린힐,2026-09-18,18:38,100000,golfpang,,,18홀,tr_220218097
옥스필드,2026-09-18,18:46,50000,golfpang,,,18홀,tr_220052531
프린세스,2026-09-18,19:02,110000,golfpang,,,18홀,tr_220361885
옥스필드,2026-09-18,18:25,50000,golfpang,,,18홀,tr_220054993
포웰(안성)cc,2026-09-18,19:00,85000,golfpang,,,18홀,tr_219444171
블루원용인(퍼),2026-09-18,18:01,155000,golfpang,,,18홀,tr_220218939
오로라,2026-09-18,19:10,80000,golfpang,,,18홀,tr_220361788
용인(비공개),2026-09-18,19:11,165000,golfpang,,,18홀,tr_220218940
골프존 안성W,2026-09-18,19:13,109000,golfpang,,,18홀,tr_220218953
비에이비스타,2026-09-18,18:17,130000,golfpang,,,18홀,tr_220218952
포웰(안성)cc,2026-09-18,19:14,85000,golfpang,,,12홀,tr_219682364
비에이비스타(퍼),2026-09-18,18:45,80000,golfpang,,,18홀,tr_220238886
비에이비스타(퍼),2026-09-18,18:45,105000,golfpang,,,18홀,tr_220348687
포웰(안성)cc,2026-09-18,18:50,85000,golfpang,,,18홀,tr_220034000
비에이비스타(퍼),2026-09-18,18:45,105000,golfpang,,,18홀,tr_220342492
양양(비공개),2026-09-18,18:39,59000,golfpang,,,18홀,tr_220361585
골프클럽Q,2026-09-18,18:43,120000,golfpang,,,18홀,tr_220032805
포웰(안성)cc,2026-09-18,19:56,91000,golfpang,,,18홀,tr_220260958
알프스대영,2026-09-18,18:53,49000,golfpang,,,18홀,tr_220361537
포웰(안성)cc,2026-09-18,19:49,91000,golfpang,,,18홀,tr_220260957
프린세스,2026-09-18,19:19,110000,golfpang,,,18홀,tr_220203404
알프스대영,2026-09-18,18:53,49000,golfpang,,,18홀,tr_220361532
라싸,2026-09-18,18:35,139000,golfpang,,,18홀,tr_220289833
로얄포레,2026-09-18,18:49,69000,golfpang,,,18홀,tr_220361422
포웰(안성)cc,2026-09-18,18:46,91000,golfpang,,,18홀,tr_220278586
포웰(안성)cc,2026-09-18,19:00,91000,golfpang,,,18홀,tr_220260869
코리아,2026-09-18,18:36,119000,golfpang,,,18홀,tr_219772584
코리아,2026-09-18,18:15,119000,golfpang,,,18홀,tr_217696893
골드,2026-09-18,18:29,119000,golfpang,,,18홀,tr_219772579
임페리얼레이크,2026-09-18,17:53,79000,golfpang,,,18홀,tr_220349930
코리아,2026-09-18,18:29,119000,golfpang,,,18홀,tr_217528995
골프클럽Q,2026-09-18,18:43,120000,golfpang,,,18홀,tr_219997296
비에이비스타(퍼),2026-09-18,18:45,105000,golfpang,,,18홀,tr_220349929
골드,2026-09-18,18:29,119000,golfpang,,,18홀,tr_217528986
골프클럽Q,2026-09-18,18:43,120000,golfpang,,,18홀,tr_220209174
비에이비스타(퍼),2026-09-18,18:45,80000,golfpang,,,18홀,tr_220349860
올데이,2026-09-18,18:14,50000,golfpang,,,18홀,tr_220205225
남양주(퍼9),2026-09-18,16:47,100000,golfpang,,,18홀,tr_220211254
코리아,2026-09-18,18:36,139000,golfpang,,,18홀,tr_154922269
대호단양,2026-09-18,17:11,99000,golfpang,,,18홀,tr_220241742
대호단양,2026-09-18,17:04,109000,golfpang,,,18홀,tr_220241797
이븐데일,2026-09-18,17:04,69000,golfpang,,,18홀,tr_219986602
필로스,2026-09-18,17:54,130000,golfpang,,,18홀,tr_219688791
오로라,2026-09-18,17:50,100000,golfpang,,,18홀,tr_220180369
스타,2026-09-18,17:49,110000,golfpang,,,18홀,tr_220306065
모나크,2026-09-18,17:48,110000,golfpang,,,18홀,tr_220217022
대호단양,2026-09-18,17:46,89000,golfpang,,,18홀,tr_219777421
알펜시아700,2026-09-18,17:44,70000,golfpang,,,18홀,tr_220306239
모나크,2026-09-18,18:09,110000,golfpang,,,18홀,tr_220217025
아세코밸리-퍼9,2026-09-18,18:06,120000,golfpang,,,18홀,tr_219952278
스타,2026-09-18,18:03,100000,golfpang,,,18홀,tr_219778006
베스트밸리-퍼9,2026-09-18,18:02,130000,golfpang,,,18홀,tr_219999177
베스트밸리-퍼9,2026-09-18,18:02,130000,golfpang,,,18홀,tr_220305301
이븐데일,2026-09-18,18:01,69000,golfpang,,,18홀,tr_219986603
필로스,2026-09-18,18:00,130000,golfpang,,,18홀,tr_219688793
라싸,2026-09-18,18:00,139000,golfpang,,,18홀,tr_220174558
세레니티-강촌,2026-09-18,18:14,110000,golfpang,,,18홀,tr_220305399
한림용인,2026-09-18,18:13,125000,golfpang,,,18홀,tr_220165534
아세코밸리-퍼9,2026-09-18,18:13,120000,golfpang,,,18홀,tr_220306236
알펜시아700,2026-09-18,18:12,70000,golfpang,,,18홀,tr_219772281
세레니티-강촌,2026-09-18,18:28,110000,golfpang,,,18홀,tr_219968065
빅토리아-퍼9,2026-09-18,18:27,89000,golfpang,,,18홀,tr_219153719
힐데스하임,2026-09-18,18:26,90000,golfpang,,,18홀,tr_220114980
포웰(안성)cc,2026-09-18,18:25,109000,golfpang,,,18홀,tr_220306517
동서울cc-퍼9,2026-09-18,18:24,49000,golfpang,,,18홀,tr_219329888
파주,2026-09-18,18:23,160000,golfpang,,,18홀,tr_220306428
필로스,2026-09-18,18:20,130000,golfpang,,,18홀,tr_219688792
몽베르(대중제),2026-09-18,18:38,130000,golfpang,,,18홀,tr_220034608
파주,2026-09-18,18:37,160000,golfpang,,,18홀,tr_220306449
라싸,2026-09-18,18:35,139000,golfpang,,,18홀,tr_220174559
청주(비공개),2026-09-18,18:34,130000,golfpang,,,18홀,tr_220305457
빅토리아-퍼9,2026-09-18,18:34,89000,golfpang,,,18홀,tr_220305391
비콘힐스,2026-09-18,18:33,80000,golfpang,,,18홀,tr_220305268
몽베르(대중제),2026-09-18,18:31,130000,golfpang,,,18홀,tr_219716428
동서울cc-퍼9,2026-09-18,18:31,49000,golfpang,,,18홀,tr_219329889
포웰(안성)cc,2026-09-18,18:46,109000,golfpang,,,18홀,tr_220306563
알프스대영,2026-09-18,18:46,69000,golfpang,,,18홀,tr_220208207
세레니티-강촌,2026-09-18,18:42,110000,golfpang,,,18홀,tr_220305424
청주(비공개),2026-09-18,18:41,130000,golfpang,,,18홀,tr_220305460
스타,2026-09-18,17:35,110000,golfpang,,,18홀,tr_219778005
이븐데일,2026-09-18,17:33,69000,golfpang,,,18홀,tr_220209158
비콘힐스,2026-09-18,18:47,80000,golfpang,,,18홀,tr_220305273
오로라,2026-09-18,19:02,80000,golfpang,,,18홀,tr_220306334
한림용인,2026-09-18,18:41,120000,golfpang,,,18홀,tr_220217603
블루원용인,2026-09-18,19:04,140000,golfpang,,,18홀,tr_220259544
솔라고,2026-09-18,19:02,87000,golfpang,,,18홀,tr_219529766
스톤비치,2026-09-18,17:37,60000,golfpang,,,18홀,tr_218535485
스톤비치,2026-09-18,17:37,60000,golfpang,,,18홀,tr_218535539
코리아,2026-09-18,18:36,139000,golfpang,,,18홀,tr_178315590
포웰(안성)cc,2026-09-18,19:00,91000,golfpang,,,18홀,tr_219671809
리베라,2026-09-18,18:59,140000,golfpang,,,18홀,tr_220347237
리베라,2026-09-18,18:59,140000,golfpang,,,18홀,tr_220347236
리베라,2026-09-18,18:59,140000,golfpang,,,18홀,tr_220347233
일라이트,2026-09-18,18:30,87000,golfpang,,,18홀,tr_219184794
솔라고,2026-09-18,19:05,87000,golfpang,,,18홀,tr_219695179
라싸,2026-09-18,18:35,139000,golfpang,,,18홀,tr_220349193
리베라,2026-09-18,18:59,140000,golfpang,,,18홀,tr_220346172
한림용인,2026-09-18,18:13,125000,golfpang,,,18홀,tr_220203637
한림용인,2026-09-18,18:55,120000,golfpang,,,18홀,tr_220203638
리베라,2026-09-18,18:59,140000,golfpang,,,18홀,tr_220088695
한림용인,2026-09-18,18:41,120000,golfpang,,,18홀,tr_220203639
해솔리아,2026-09-18,17:29,140000,golfpang,,,18홀,tr_220180483
해솔리아,2026-09-18,18:11,130000,golfpang,,,18홀,tr_220180484
힐데스하임,2026-09-18,18:26,90000,golfpang,,,18홀,tr_220207432
프린세스,2026-09-18,19:12,115000,golfpang,,,18홀,tr_220207381
킹즈락,2026-09-18,19:02,65000,golfpang,,,18홀,tr_220207384
임페리얼레이크,2026-09-18,17:53,79000,golfpang,,,18홀,tr_220207378
임페리얼레이크,2026-09-18,18:42,79000,golfpang,,,18홀,tr_220207253
올데이,2026-09-18,18:14,50000,golfpang,,,18홀,tr_220207312
아리스타,2026-09-18,18:35,95000,golfpang,,,18홀,tr_220206458
세레니티cc,2026-09-18,18:34,120000,golfpang,,,18홀,tr_220206894
로얄포레,2026-09-18,18:42,69000,golfpang,,,18홀,tr_220207196
코리아,2026-09-18,18:15,139000,golfpang,,,18홀,tr_218159896
골드,2026-09-18,18:15,139000,golfpang,,,18홀,tr_218159866
떼제베(동북),2026-09-18,18:02,110000,golfpang,,,18홀,tr_220206467
떼제베,2026-09-18,18:51,130000,golfpang,,,18홀,tr_220207346
한림용인,2026-09-18,18:48,120000,golfpang,,,18홀,tr_220348906
포레스트힐,2026-09-18,18:52,120000,golfpang,,,18홀,tr_220324833
클럽72,2026-09-18,18:46,140000,golfpang,,,18홀,tr_220325051
포웰(안성)cc,2026-09-18,18:25,109000,golfpang,,,18홀,tr_220325127
라싸,2026-09-18,17:39,139000,golfpang,,,18홀,tr_220324910
이븐데일,2026-09-18,17:39,75000,golfpang,,,18홀,tr_220324979
한림용인,2026-09-18,18:48,120000,golfpang,,,18홀,tr_220207797
코리아,2026-09-18,18:22,139000,golfpang,,,18홀,tr_219693015
파주,2026-09-18,18:44,160000,golfpang,,,18홀,tr_220207512
라싸,2026-09-18,17:53,139000,golfpang,,,18홀,tr_220207489
필로스,2026-09-18,18:00,130000,golfpang,,,18홀,tr_220207517
포레스트힐,2026-09-18,18:31,130000,golfpang,,,18홀,tr_220207514
코리아,2026-09-18,18:15,139000,golfpang,,,18홀,tr_217897073
코리아,2026-09-18,18:08,139000,golfpang,,,18홀,tr_217896928
옥스필드,2026-09-18,18:25,50000,golfpang,,,18홀,tr_220206389
알프스대영,2026-09-18,18:46,49000,golfpang,,,18홀,tr_220206349
클럽72,2026-09-18,17:50,150000,golfpang,,,18홀,tr_220242696
파주,2026-09-18,18:44,160000,golfpang,,,18홀,tr_219770936
라싸,2026-09-18,17:39,139000,golfpang,,,18홀,tr_219428701
한림용인,2026-09-18,18:20,125000,golfpang,,,18홀,tr_220206332
아세코밸리-퍼9,2026-09-18,17:10,69000,golfpang,,,18홀,tr_220000587
동서울cc-퍼9,2026-09-18,17:07,49000,golfpang,,,18홀,tr_220216491
알펜시아700,2026-09-18,17:44,70000,golfpang,,,18홀,tr_220211762
포레스트힐,2026-09-18,18:52,120000,golfpang,,,18홀,tr_220211708
한림광릉,2026-09-18,18:41,140000,golfpang,,,18홀,tr_220211712
이븐데일,2026-09-18,18:00,69000,golfpang,,,18홀,tr_220306572
써닝포인트,2026-09-18,17:57,145000,golfpang,,,18홀,tr_220301695
아세코밸리-퍼9,2026-09-18,18:06,120000,golfpang,,,18홀,tr_219892321
빅토리아-퍼9,2026-09-18,18:13,89000,golfpang,,,18홀,tr_219766789
에스앤-퍼9,2026-09-18,18:13,50000,golfpang,,,18홀,tr_219810741
알펜시아700,2026-09-18,18:12,70000,golfpang,,,18홀,tr_219600945
포웰(안성)cc,2026-09-18,18:32,109000,golfpang,,,18홀,tr_220007982
포레스트힐,2026-09-18,18:31,130000,golfpang,,,18홀,tr_218857538
동서울cc-퍼9,2026-09-18,18:31,49000,golfpang,,,18홀,tr_220211848
파주,2026-09-18,18:23,160000,golfpang,,,18홀,tr_220211931
한림용인,2026-09-18,18:34,125000,golfpang,,,18홀,tr_220211936
빅토리아-퍼9,2026-09-18,18:34,89000,golfpang,,,18홀,tr_220325520
오로라,2026-09-18,18:46,80000,golfpang,,,18홀,tr_219796592
한림광릉,2026-09-18,18:41,140000,golfpang,,,18홀,tr_219892736
파주,2026-09-18,18:51,160000,golfpang,,,18홀,tr_220085763
한림광릉,2026-09-18,18:48,140000,golfpang,,,18홀,tr_220325810
프린세스,2026-09-18,19:33,115000,golfpang,,,18홀,tr_220325779
포웰(안성)cc,2026-09-18,19:14,99000,golfpang,,,18홀,tr_220007983
프린세스,2026-09-18,19:12,115000,golfpang,,,18홀,tr_219440001
빅토리아-퍼9,2026-09-18,19:09,89000,golfpang,,,18홀,tr_220325521
대호단양,2026-09-18,17:32,99000,golfpang,,,18홀,tr_220211845
알펜시아700,2026-09-18,17:44,70000,golfpang,,,18홀,tr_220211912
에스앤-퍼9,2026-09-18,17:38,50000,golfpang,,,18홀,tr_219810740
대호단양,2026-09-18,18:00,89000,golfpang,,,18홀,tr_220005465
한림용인,2026-09-18,18:06,130000,golfpang,,,18홀,tr_220129771
동서울cc-퍼9,2026-09-18,18:17,49000,golfpang,,,18홀,tr_220006058
베스트밸리-퍼9,2026-09-18,18:02,130000,golfpang,,,18홀,tr_220085458
스톤비치,2026-09-18,17:23,60000,golfpang,,,18홀,tr_218109250
올데이,2026-09-18,18:18,50000,golfpang,,,18홀,tr_217896913
스톤비치,2026-09-18,17:23,60000,golfpang,,,18홀,tr_218109245
포웰(안성)cc,2026-09-18,19:10,91000,golfpang,,,18홀,tr_220347516
알프스대영,2026-09-18,18:53,49000,golfpang,,,18홀,tr_219746346
비에이비스타(퍼),2026-09-18,18:45,90000,golfpang,,,18홀,tr_220306359
파주타이거,2026-09-18,18:35,160000,golfpang,,,18홀,tr_220347492
파주타이거,2026-09-18,18:29,160000,golfpang,,,18홀,tr_220149216
한림용인,2026-09-18,19:02,120000,golfpang,,,18홀,tr_220201555
한림용인,2026-09-18,18:48,120000,golfpang,,,18홀,tr_220201556
한림용인,2026-09-18,18:06,125000,golfpang,,,18홀,tr_220201554
파주,2026-09-18,18:51,160000,golfpang,,,18홀,tr_220150698
파주,2026-09-18,18:44,160000,golfpang,,,18홀,tr_220150699
포웰(안성)cc,2026-09-18,19:00,91000,golfpang,,,18홀,tr_220306587
용인플라자,2026-09-18,18:00,140000,golfpang,,,18홀,tr_218983804
한림광릉,2026-09-18,18:20,140000,golfpang,,,18홀,tr_219566499
용인플라자,2026-09-18,18:00,140000,golfpang,,,18홀,tr_220260736
옥스필드,2026-09-18,18:25,50000,golfpang,,,18홀,tr_220002505
오로라,2026-09-18,19:02,80000,golfpang,,,18홀,tr_220184286
한림광릉,2026-09-18,18:41,130000,golfpang,,,18홀,tr_220208813
블루원용인(퍼),2026-09-18,18:15,110000,golfpang,,,18홀,tr_220347137
알프스대영,2026-09-18,18:53,49000,golfpang,,,18홀,tr_220003096
블루원용인,2026-09-18,18:36,140000,golfpang,,,18홀,tr_220347125
라싸,2026-09-18,18:35,139000,golfpang,,,18홀,tr_220148526
라싸,2026-09-18,17:32,139000,golfpang,,,18홀,tr_220148524
라싸,2026-09-18,18:00,139000,golfpang,,,18홀,tr_220148525
프린세스,2026-09-18,19:25,115000,golfpang,,,18홀,tr_220003120
킹즈락,2026-09-18,19:01,65000,golfpang,,,18홀,tr_220003011
떼제베(동북),2026-09-18,18:02,110000,golfpang,,,18홀,tr_220190336
한림용인,2026-09-18,18:13,125000,golfpang,,,18홀,tr_220346930
임페리얼레이크,2026-09-18,18:49,79000,golfpang,,,18홀,tr_220002977
임페리얼레이크,2026-09-18,17:53,79000,golfpang,,,18홀,tr_220002984
한림용인,2026-09-18,18:48,120000,golfpang,,,18홀,tr_220207734
파주,2026-09-18,18:44,160000,golfpang,,,18홀,tr_220207745
올데이,2026-09-18,18:14,50000,golfpang,,,18홀,tr_220190280
그린힐,2026-09-18,18:38,100000,golfpang,,,18홀,tr_219996537
에스앤-퍼9,2026-09-18,17:54,44000,golfpang,,,18홀,tr_220002670
그린힐,2026-09-18,18:38,110000,golfpang,,,18홀,tr_219550437
아리스타,2026-09-18,18:34,95000,golfpang,,,18홀,tr_220002666
스톤비치,2026-09-18,17:51,60000,golfpang,,,18홀,tr_219821567
한림용인,2026-09-18,18:48,120000,golfpang,,,18홀,tr_220184136
그린힐,2026-09-18,19:00,97000,golfpang,,,18홀,tr_219999158
플라밍고,2026-09-18,18:30,87000,golfpang,,,18홀,tr_219784503
포웰(안성)cc,2026-09-18,19:00,91000,golfpang,,,18홀,tr_219392227
포레스트힐,2026-09-18,18:52,120000,golfpang,,,18홀,tr_219329717
포웰(안성)cc,2026-09-18,18:45,91000,golfpang,,,18홀,tr_220190387
제이퍼블릭,2026-09-18,19:51,70000,golfpang,,,12홀,tr_220002001
포레스트힐,2026-09-18,18:52,120000,golfpang,,,18홀,tr_219329719
한림용인,2026-09-18,18:48,120000,golfpang,,,18홀,tr_220346462
포레스트힐,2026-09-18,18:52,120000,golfpang,,,18홀,tr_219329721
클럽72,2026-09-18,18:53,140000,golfpang,,,18홀,tr_220002549
제이퍼블릭,2026-09-18,19:16,70000,golfpang,,,12홀,tr_220001950
스톤비치,2026-09-18,17:51,60000,golfpang,,,18홀,tr_218357734
스톤비치,2026-09-18,17:23,60000,golfpang,,,18홀,tr_218353142
한림광릉,2026-09-18,18:41,130000,golfpang,,,18홀,tr_220100289
한림용인,2026-09-18,17:52,135000,golfpang,,,18홀,tr_220211490
해솔리아,2026-09-18,18:11,130000,golfpang,,,18홀,tr_220211465
빅토리아-퍼9,2026-09-18,18:34,89000,golfpang,,,18홀,tr_220002492
골프클럽Q,2026-09-18,18:43,130000,golfpang,,,18홀,tr_220002097
한림용인,2026-09-18,18:13,125000,golfpang,,,18홀,tr_220289224
로얄링스,2026-09-18,18:14,80000,golfpang,,,18홀,tr_220301810
파주,2026-09-18,18:44,160000,golfpang,,,18홀,tr_220002091
한림광릉,2026-09-18,18:41,130000,golfpang,,,18홀,tr_220002101
포웰(안성)cc,2026-09-18,19:14,91000,golfpang,,,18홀,tr_219776679
파주타이거,2026-09-18,18:28,170000,golfpang,,,18홀,tr_219999574
세레니티cc,2026-09-18,18:24,120000,golfpang,,,18홀,tr_220346211
라싸,2026-09-18,17:46,139000,golfpang,,,18홀,tr_219751112
세레니티cc,2026-09-18,18:40,120000,golfpang,,,18홀,tr_220346237
포레스트힐,2026-09-18,18:31,130000,golfpang,,,18홀,tr_218716175
세레니티-강촌,2026-09-18,18:21,110000,golfpang,,,18홀,tr_219791379
남양주(퍼9),2026-09-18,16:47,100000,golfpang,,,18홀,tr_220201712
스프링베일-퍼9,2026-09-18,17:43,80000,golfpang,,,18홀,tr_220209222
비콘힐스,2026-09-18,18:12,85000,golfpang,,,18홀,tr_219969254
몽베르(대중제),2026-09-18,18:17,130000,golfpang,,,18홀,tr_219999700
몽베르(대중제),2026-09-18,17:35,140000,golfpang,,,18홀,tr_219999699
남양주(퍼9),2026-09-18,17:54,100000,golfpang,,,18홀,tr_220201713
로얄링스,2026-09-18,18:00,80000,golfpang,,,18홀,tr_220205369
솔라고,2026-09-18,19:00,87000,golfpang,,,18홀,tr_220289255
올데이,2026-09-18,18:11,50000,golfpang,,,18홀,tr_220346175
대영베이스,2026-09-18,18:11,89000,golfpang,,,18홀,tr_219989665
감곡,2026-09-18,19:02,100000,golfpang,,,18홀,tr_219819126
이븐데일,2026-09-18,17:11,79000,golfpang,,,18홀,tr_220208710
골프존 화랑,2026-09-18,19:10,99000,golfpang,,,18홀,tr_220193194
힐데스하임,2026-09-18,18:04,95000,golfpang,,,18홀,tr_219987212
프린세스,2026-09-18,18:02,120000,golfpang,,,18홀,tr_219557473
대영힐스,2026-09-18,18:20,79000,golfpang,,,18홀,tr_219822674
이븐데일,2026-09-18,18:14,79000,golfpang,,,18홀,tr_220208711
플라밍고,2026-09-18,18:24,120000,golfpang,,,18홀,tr_220198495
킹즈락,2026-09-18,17:21,90000,golfpang,,,18홀,tr_219555152
모나크,2026-09-18,17:20,110000,golfpang,,,18홀,tr_219555972
대영베이스,2026-09-18,17:11,99000,golfpang,,,18홀,tr_219989664
올데이,2026-09-18,17:25,59000,golfpang,,,18홀,tr_220215699
제이퍼블릭,2026-09-18,19:16,70000,golfpang,,,18홀,tr_220126913
스톤비치,2026-09-18,17:23,60000,golfpang,,,18홀,tr_218353128
클럽72,2026-09-18,19:00,130000,golfpang,,,18홀,tr_219988313
알프스대영,2026-09-18,16:54,79000,golfpang,,,18홀,tr_219834316
알프스대영,2026-09-18,18:46,69000,golfpang,,,18홀,tr_219834317
한림용인,2026-09-18,18:27,125000,golfpang,,,18홀,tr_220126675
한림용인,2026-09-18,18:48,120000,golfpang,,,18홀,tr_220126673
한림용인,2026-09-18,18:13,125000,golfpang,,,18홀,tr_220126674
로얄포레,2026-09-18,18:49,69000,golfpang,,,18홀,tr_220345997
한림용인,2026-09-18,18:13,125000,golfpang,,,18홀,tr_220345871
블루원용인,2026-09-18,19:04,140000,golfpang,,,18홀,tr_220210367
샤인빌cc,2026-09-18,17:41,115000,golfpang,,,18홀,tr_220214031
동서울cc-퍼9,2026-09-18,18:24,49000,golfpang,,,18홀,tr_220210387
비에이비스타,2026-09-18,18:17,130000,golfpang,,,18홀,tr_220210359
블루원용인,2026-09-18,18:36,140000,golfpang,,,18홀,tr_220210363
한림광릉,2026-09-18,18:41,130000,golfpang,,,18홀,tr_220205070
블루원용인,2026-09-18,18:33,140000,golfpang,,,18홀,tr_218694922
블루원용인,2026-09-18,19:11,140000,golfpang,,,18홀,tr_220190931
라싸,2026-09-18,18:35,139000,golfpang,,,18홀,tr_220215068
한림용인,2026-09-18,18:13,125000,golfpang,,,18홀,tr_220211327
그린힐,2026-09-18,18:38,110000,golfpang,,,18홀,tr_220345532
아세코밸리-퍼9,2026-09-18,17:24,120000,golfpang,,,18홀,tr_219158400
블루원용인,2026-09-18,18:22,140000,golfpang,,,18홀,tr_220242689
블루원용인,2026-09-18,19:04,140000,golfpang,,,18홀,tr_220241993
한림용인,2026-09-18,18:48,120000,golfpang,,,18홀,tr_220211321
떼제베,2026-09-18,18:51,130000,golfpang,,,18홀,tr_220345122
한림용인,2026-09-18,18:13,125000,golfpang,,,18홀,tr_220345069
한림용인,2026-09-18,18:13,125000,golfpang,,,18홀,tr_220345045
한림용인,2026-09-18,18:48,120000,golfpang,,,18홀,tr_220345067
한림용인,2026-09-18,18:20,125000,golfpang,,,18홀,tr_220345066
이포,2026-09-18,19:09,120000,golfpang,,,18홀,tr_220214161
떼제베(동북),2026-09-18,18:02,110000,golfpang,,,18홀,tr_220203619
한림용인,2026-09-18,18:48,120000,golfpang,,,18홀,tr_220345044
포웰(안성)cc,2026-09-18,19:28,99000,golfpang,,,18홀,tr_220325475
한림용인,2026-09-18,18:12,125000,golfpang,,,18홀,tr_220183760
한림광릉,2026-09-18,18:48,130000,golfpang,,,18홀,tr_220125624
올데이,2026-09-18,17:10,59000,golfpang,,,18홀,tr_220035927
한림광릉,2026-09-18,18:41,130000,golfpang,,,18홀,tr_220125626
올데이,2026-09-18,18:00,50000,golfpang,,,18홀,tr_220291132
이포,2026-09-18,18:55,120000,golfpang,,,18홀,tr_220325447
옥스필드,2026-09-18,18:10,50000,golfpang,,,18홀,tr_220037620
알펜시아700,2026-09-18,19:15,60000,golfpang,,,18홀,tr_219202303
올데이,2026-09-18,18:14,50000,golfpang,,,18홀,tr_220150502
이븐데일,2026-09-18,18:34,69000,golfpang,,,18홀,tr_220342531
임페리얼레이크,2026-09-18,17:40,79000,golfpang,,,18홀,tr_220036153
비에이비스타(퍼),2026-09-18,18:38,90000,golfpang,,,18홀,tr_220325354
로얄포레,2026-09-18,18:30,69000,golfpang,,,18홀,tr_220214562
로얄링스,2026-09-18,18:04,80000,golfpang,,,18홀,tr_219419261
일라이트,2026-09-18,18:24,87000,golfpang,,,18홀,tr_219781317
솔라고,2026-09-18,18:38,87000,golfpang,,,18홀,tr_220198223
포웰(안성)cc,2026-09-18,19:04,91000,golfpang,,,18홀,tr_219718969
그린힐,2026-09-18,19:10,97000,golfpang,,,18홀,tr_219915052
포웰(안성)cc,2026-09-18,18:25,101000,golfpang,,,18홀,tr_220203179
한림광릉,2026-09-18,18:41,130000,golfpang,,,18홀,tr_220203498
클럽72,2026-09-18,18:39,140000,golfpang,,,18홀,tr_220236226
아세코밸리-퍼9,2026-09-18,17:10,120000,golfpang,,,18홀,tr_219768553
그린힐,2026-09-18,18:38,110000,golfpang,,,18홀,tr_220236179
동서울cc-퍼9,2026-09-18,17:28,59000,golfpang,,,18홀,tr_219564646
포웰(안성)cc,2026-09-18,19:14,91000,golfpang,,,18홀,tr_220057291
포웰(안성)cc,2026-09-18,19:00,91000,golfpang,,,18홀,tr_219159827
벨라스톤,2026-09-18,17:52,80000,golfpang,,,18홀,tr_220242329
포웰(안성)cc,2026-09-18,19:28,99000,golfpang,,,18홀,tr_220336726
스톤비치,2026-09-18,17:58,60000,golfpang,,,18홀,tr_220336686
떼제베,2026-09-18,18:51,130000,golfpang,,,18홀,tr_220336553
한림광릉,2026-09-18,18:00,140000,golfpang,,,18홀,tr_219513944
포웰(안성)cc,2026-09-18,18:46,122000,golfpang,,,18홀,tr_220184088
클럽72,2026-09-18,19:07,140000,golfpang,,,18홀,tr_219673528
포웰(안성)cc,2026-09-18,19:42,112000,golfpang,,,18홀,tr_220184089
해솔리아,2026-09-18,18:11,130000,golfpang,,,18홀,tr_220174944
스타,2026-09-18,18:10,100000,golfpang,,,18홀,tr_220029642
대호단양,2026-09-18,18:07,89000,golfpang,,,18홀,tr_220304147
라싸,2026-09-18,18:07,139000,golfpang,,,18홀,tr_220304703
킹즈락,2026-09-18,18:06,80000,golfpang,,,18홀,tr_220180044
포레스트힐,2026-09-18,18:03,130000,golfpang,,,18홀,tr_218685563
베스트밸리-퍼9,2026-09-18,18:02,130000,golfpang,,,18홀,tr_220304812
세레니티-강촌,2026-09-18,18:21,120000,golfpang,,,18홀,tr_220315070
포웰(안성)cc,2026-09-18,18:18,135000,golfpang,,,18홀,tr_220184087
세레니티-강촌,2026-09-18,18:14,120000,golfpang,,,18홀,tr_219934828
라싸,2026-09-18,18:14,139000,golfpang,,,18홀,tr_220304737
한림광릉,2026-09-18,18:13,140000,golfpang,,,18홀,tr_220128282
알펜시아700,2026-09-18,18:12,70000,golfpang,,,18홀,tr_220032535
스타,2026-09-18,18:31,100000,golfpang,,,18홀,tr_220029641
이천실크밸리,2026-09-18,18:31,115000,golfpang,,,18홀,tr_219913658
오로라,2026-09-18,18:30,80000,golfpang,,,18홀,tr_220152419
세레니티-강촌,2026-09-18,18:28,120000,golfpang,,,18홀,tr_220315072
빅토리아-퍼9,2026-09-18,18:27,89000,golfpang,,,18홀,tr_220193162
알프스대영,2026-09-18,18:39,49000,golfpang,,,18홀,tr_220035429
알프스대영,2026-09-18,17:22,59000,golfpang,,,18홀,tr_220035428
대호단양,2026-09-18,17:11,99000,golfpang,,,18홀,tr_220303904
스타,2026-09-18,17:49,110000,golfpang,,,18홀,tr_220029640
포레스트힐,2026-09-18,17:42,130000,golfpang,,,18홀,tr_218685562
아세코밸리-퍼9,2026-09-18,17:38,120000,golfpang,,,18홀,tr_220190159
아난티중앙(야간),2026-09-18,17:35,130000,golfpang,,,18홀,tr_220037833
포레스트힐,2026-09-18,17:35,130000,golfpang,,,18홀,tr_218685561
대호단양,2026-09-18,18:00,89000,golfpang,,,18홀,tr_219986383
남한강에스파크,2026-09-18,18:00,99000,golfpang,,,18홀,tr_220029292
청주(비공개),2026-09-18,17:52,140000,golfpang,,,18홀,tr_220010647
한림광릉,2026-09-18,17:59,140000,golfpang,,,18홀,tr_220128281
한림광릉,2026-09-18,17:59,140000,golfpang,,,18홀,tr_220128280
블랙스톤벨포레,2026-09-18,17:58,45000,golfpang,,,18홀,tr_220324977
알프스대영,2026-09-18,17:57,55000,golfpang,,,18홀,tr_220035427
라싸,2026-09-18,17:53,139000,golfpang,,,18홀,tr_220304648
빅토리아-퍼9,2026-09-18,18:34,89000,golfpang,,,18홀,tr_220324986
아난티중앙(야간),2026-09-18,18:11,120000,golfpang,,,18홀,tr_220037834
어등산,2026-09-18,17:29,116000,golfpang,,,18홀,tr_220241332
골프존 구미,2026-09-18,18:53,73000,golfpang,,,18홀,tr_220241983
군위오펠,2026-09-18,18:04,121000,golfpang,,,18홀,tr_220241740
파라지오,2026-09-18,18:02,71000,golfpang,,,18홀,tr_220241665
엠스클럽 의성,2026-09-18,17:32,76000,golfpang,,,18홀,tr_220241468
아리스타,2026-09-18,18:34,101000,golfpang,,,18홀,tr_220241890
포도,2026-09-18,17:22,126000,golfpang,,,18홀,tr_220241236
한맥,2026-09-18,17:15,101000,golfpang,,,18홀,tr_220241135
화순엘리체,2026-09-18,17:04,81000,golfpang,,,18홀,tr_220240961
노블레스-퍼9,2026-09-18,16:52,81000,golfpang,,,18홀,tr_220240899
스톤비치,2026-09-18,17:37,70000,golfpang,,,18홀,tr_220087354
골프클럽Q,2026-09-18,18:15,120000,golfpang,,,18홀,tr_220306882
포웰(안성)cc,2026-09-18,18:25,109000,golfpang,,,18홀,tr_220306932
대영힐스,2026-09-18,18:48,79000,golfpang,,,18홀,tr_220306850
이븐데일,2026-09-18,17:39,75000,golfpang,,,18홀,tr_220306875
블랙스톤벨포레,2026-09-18,17:58,45000,golfpang,,,18홀,tr_220222082
용인플라자,2026-09-18,18:00,140000,golfpang,,,18홀,tr_218983843
킹즈락,2026-09-18,18:27,65000,golfpang,,,18홀,tr_220299563
파주,2026-09-18,18:09,160000,golfpang,,,18홀,tr_220299566
스톤비치,2026-09-18,17:37,70000,golfpang,,,18홀,tr_220087439
블루원용인,2026-09-18,18:36,140000,golfpang,,,18홀,tr_220327784
솔라고,2026-09-18,18:50,87000,golfpang,,,18홀,tr_219554491
일라이트,2026-09-18,18:20,87000,golfpang,,,18홀,tr_219244626
용인플라자,2026-09-18,18:00,140000,golfpang,,,18홀,tr_220260668
이븐데일,2026-09-18,17:18,75000,golfpang,,,18홀,tr_219795717
파주,2026-09-18,18:37,150000,golfpang,,,18홀,tr_220326023
한림광릉,2026-09-18,18:41,140000,golfpang,,,18홀,tr_219966593
포레스트힐,2026-09-18,18:52,120000,golfpang,,,18홀,tr_219552975
아세코밸리-퍼9,2026-09-18,17:24,120000,golfpang,,,18홀,tr_219552958
비에이비스타(퍼),2026-09-18,18:45,90000,golfpang,,,18홀,tr_220321556
이포,2026-09-18,18:55,120000,golfpang,,,18홀,tr_220324012
스톤비치,2026-09-18,17:30,50000,golfpang,,,18홀,tr_218733537
남양주(퍼9),2026-09-18,16:50,100000,golfpang,,,18홀,tr_219158596
남양주(퍼9),2026-09-18,16:50,100000,golfpang,,,18홀,tr_219158597
알프스대영,2026-09-18,18:53,59000,golfpang,,,18홀,tr_220056697
비콘힐스,2026-09-18,19:01,80000,golfpang,,,18홀,tr_220184477
비콘힐스,2026-09-18,18:33,80000,golfpang,,,18홀,tr_220184476
알펜시아700,2026-09-18,18:19,70000,golfpang,,,18홀,tr_220056685
로얄포레,2026-09-18,18:49,69000,golfpang,,,18홀,tr_220181982
라싸,2026-09-18,18:21,139000,golfpang,,,18홀,tr_220203482
포웰(안성)cc,2026-09-18,19:14,99000,golfpang,,,18홀,tr_220260552
그린힐,2026-09-18,19:13,97000,golfpang,,,18홀,tr_220260508
로얄링스,2026-09-18,18:14,80000,golfpang,,,18홀,tr_220260623
플라밍고,2026-09-18,18:59,87000,golfpang,,,18홀,tr_220261168
일라이트,2026-09-18,18:34,87000,golfpang,,,18홀,tr_220326721
솔라고,2026-09-18,18:48,87000,golfpang,,,18홀,tr_220260663
스톤비치,2026-09-18,17:30,60000,golfpang,,,18홀,tr_220035414
남양주(퍼9),2026-09-18,17:00,100000,golfpang,,,18홀,tr_220035591
스톤비치,2026-09-18,17:30,60000,golfpang,,,18홀,tr_216223540
플라밍고,2026-09-18,18:59,87000,golfpang,,,18홀,tr_220289755
포웰(안성)cc,2026-09-18,19:14,99000,golfpang,,,18홀,tr_220289784
솔라고,2026-09-18,19:02,87000,golfpang,,,18홀,tr_220289730
그린힐,2026-09-18,18:50,97000,golfpang,,,18홀,tr_219999134
로얄포레,2026-09-18,18:49,69000,golfpang,,,18홀,tr_220274064
클럽72,2026-09-18,17:50,150000,golfpang,,,18홀,tr_219986830
임페리얼레이크,2026-09-18,18:50,79000,golfpang,,,18홀,tr_220288943
임페리얼레이크,2026-09-18,18:50,79000,golfpang,,,18홀,tr_220288971
대영힐스,2026-09-18,18:48,79000,golfpang,,,18홀,tr_220262237
이븐데일,2026-09-18,17:39,75000,golfpang,,,18홀,tr_220274020
임페리얼레이크,2026-09-18,18:43,79000,golfpang,,,18홀,tr_220288819
올데이,2026-09-18,18:56,50000,golfpang,,,18홀,tr_220203718
올데이,2026-09-18,18:56,50000,golfpang,,,18홀,tr_220203720
파주,2026-09-18,18:09,160000,golfpang,,,18홀,tr_220274609
올데이,2026-09-18,18:07,50000,golfpang,,,18홀,tr_220203716
클럽72,2026-09-18,18:46,140000,golfpang,,,18홀,tr_220274357
포웰(안성)cc,2026-09-18,18:25,109000,golfpang,,,18홀,tr_220274452
파주,2026-09-18,18:02,160000,golfpang,,,18홀,tr_220198355
옥스필드,2026-09-18,18:20,59000,golfpang,,,18홀,tr_219986298
임페리얼레이크,2026-09-18,17:50,79000,golfpang,,,18홀,tr_219774964
올데이,2026-09-18,18:00,50000,golfpang,,,18홀,tr_219842786
로얄포레,2026-09-18,18:40,69000,golfpang,,,18홀,tr_219774805
아난티중앙(야간),2026-09-18,17:35,120000,golfpang,,,18홀,tr_220253153
아난티중앙(야간),2026-09-18,17:17,120000,golfpang,,,18홀,tr_220253152
포레스트힐,2026-09-18,18:52,120000,golfpang,,,18홀,tr_220056452
임페리얼레이크,2026-09-18,17:46,79000,golfpang,,,18홀,tr_220217580
남양주(퍼9),2026-09-18,16:50,100000,golfpang,,,18홀,tr_218987967
스톤비치,2026-09-18,17:00,60000,golfpang,,,18홀,tr_218131766
라싸,2026-09-18,17:40,139000,golfpang,,,18홀,tr_220217602
킹즈락,2026-09-18,18:00,75000,golfpang,,,18홀,tr_220218216
플라밍고,2026-09-18,18:59,87000,golfpang,,,18홀,tr_220056871
베스트밸리-퍼9,2026-09-18,18:00,130000,golfpang,,,18홀,tr_219806507
아세코밸리-퍼9,2026-09-18,18:00,120000,golfpang,,,18홀,tr_219320004
빅토리아-퍼9,2026-09-18,18:00,89000,golfpang,,,18홀,tr_220217704
비에이비스타(퍼),2026-09-18,18:31,100000,golfpang,,,18홀,tr_220302084
골프클럽Q,2026-09-18,18:30,130000,golfpang,,,18홀,tr_220217691
한림용인,2026-09-18,18:00,130000,golfpang,,,18홀,tr_220217983
포레스트힐,2026-09-18,18:52,120000,golfpang,,,18홀,tr_220230503
스타,2026-09-18,17:30,110000,golfpang,,,18홀,tr_220218056
솔라고,2026-09-18,18:55,90000,golfpang,,,18홀,tr_220203185
떼제베(동북),2026-09-18,18:51,110000,golfpang,,,18홀,tr_220181711
세레니티cc,2026-09-18,18:27,130000,golfpang,,,18홀,tr_220203182
한림용인,2026-09-18,17:59,135000,golfpang,,,18홀,tr_220035827
임페리얼레이크,2026-09-18,18:49,79000,golfpang,,,18홀,tr_220203363
포웰(안성)cc,2026-09-18,18:25,109000,golfpang,,,18홀,tr_220283354
오로라,2026-09-18,17:50,100000,golfpang,,,18홀,tr_220057630
아리스타,2026-09-18,18:33,105000,golfpang,,,18홀,tr_220203189
블랙스톤벨포레,2026-09-18,18:47,40000,golfpang,,,18홀,tr_220126923
아리스타,2026-09-18,18:40,95000,golfpang,,,18홀,tr_220203229
블랙스톤벨포레,2026-09-18,17:58,45000,golfpang,,,18홀,tr_220126922
힐데스하임,2026-09-18,18:26,90000,golfpang,,,18홀,tr_220203474
스타,2026-09-18,17:49,120000,golfpang,,,18홀,tr_220203187
올데이,2026-09-18,17:25,59000,golfpang,,,18홀,tr_220217031
벨라스톤,2026-09-18,17:45,80000,golfpang,,,18홀,tr_220181043
오로라,2026-09-18,18:30,80000,golfpang,,,18홀,tr_220182703
그린힐,2026-09-18,19:13,97000,golfpang,,,18홀,tr_220289713
일라이트,2026-09-18,18:34,87000,golfpang,,,18홀,tr_220289778
로얄링스,2026-09-18,18:14,80000,golfpang,,,18홀,tr_220289726
베스트밸리-퍼9,2026-09-18,18:02,130000,golfpang,,,18홀,tr_220299816
베스트밸리-퍼9,2026-09-18,18:02,130000,golfpang,,,18홀,tr_220299874
베스트밸리-퍼9,2026-09-18,18:02,130000,golfpang,,,18홀,tr_220299908
블루원용인(퍼),2026-09-18,18:01,110000,golfpang,,,18홀,tr_220307156
블루원용인,2026-09-18,18:36,140000,golfpang,,,18홀,tr_220307128
비에이비스타,2026-09-18,18:18,130000,golfpang,,,18홀,tr_220307053
블랙스톤벨포레,2026-09-18,17:30,45000,golfpang,,,18홀,tr_220209561
그린힐,2026-09-18,18:31,105000,golfpang,,,18홀,tr_220218049
블랙스톤벨포레,2026-09-18,17:30,45000,golfpang,,,18홀,tr_220209584
이븐데일,2026-09-18,19:03,69000,golfpang,,,18홀,tr_220215291
클럽72,2026-09-18,18:39,140000,golfpang,,,18홀,tr_220207716
이븐데일,2026-09-18,18:00,69000,golfpang,,,18홀,tr_220215258
이븐데일,2026-09-18,17:46,69000,golfpang,,,18홀,tr_220214939
이븐데일,2026-09-18,19:03,69000,golfpang,,,18홀,tr_220259983
이븐데일,2026-09-18,18:28,69000,golfpang,,,18홀,tr_220259946
이븐데일,2026-09-18,17:39,69000,golfpang,,,18홀,tr_220215329
한림광릉,2026-09-18,18:41,140000,golfpang,,,18홀,tr_220207726
남양주(퍼9),2026-09-18,17:27,100000,golfpang,,,18홀,tr_220207736
알펜시아700,2026-09-18,17:58,70000,golfpang,,,18홀,tr_220207858
알펜시아700,2026-09-18,19:01,60000,golfpang,,,18홀,tr_220207855
떼제베(동북),2026-09-18,18:51,110000,golfpang,,,18홀,tr_220221869
이븐데일,2026-09-18,17:54,69000,golfpang,,,18홀,tr_220207874
그린힐,2026-09-18,19:00,97000,golfpang,,,18홀,tr_219982944
블루원용인(퍼),2026-09-18,18:01,110000,golfpang,,,18홀,tr_220306312
스톤비치,2026-09-18,17:44,60000,golfpang,,,18홀,tr_220129142
블루원용인,2026-09-18,18:36,140000,golfpang,,,18홀,tr_220242354
블루원용인(퍼),2026-09-18,18:01,110000,golfpang,,,18홀,tr_220242443
포웰(안성)cc,2026-09-18,19:14,99000,golfpang,,,18홀,tr_220035686
파주,2026-09-18,18:16,160000,golfpang,,,18홀,tr_220212062
블루원용인,2026-09-18,19:04,140000,golfpang,,,18홀,tr_220305618
포웰(안성)cc,2026-09-18,19:10,99000,golfpang,,,18홀,tr_220204584
포웰(안성)cc,2026-09-18,19:10,99000,golfpang,,,18홀,tr_220204498
아난티중앙(야간),2026-09-18,18:29,120000,golfpang,,,18홀,tr_220088187
아난티중앙(야간),2026-09-18,17:17,120000,golfpang,,,18홀,tr_220088186
파주타이거,2026-09-18,18:36,170000,golfpang,,,18홀,tr_220305298
파주,2026-09-18,17:48,170000,golfpang,,,18홀,tr_220212486
이포,2026-09-18,18:55,130000,golfpang,,,18홀,tr_220121508
이포,2026-09-18,19:09,120000,golfpang,,,18홀,tr_220193417
비에이비스타(퍼),2026-09-18,18:38,90000,golfpang,,,18홀,tr_220238951
파주타이거,2026-09-18,18:12,170000,golfpang,,,18홀,tr_220305264
파주타이거,2026-09-18,18:00,170000,golfpang,,,18홀,tr_220305194
골프존 화랑,2026-09-18,18:41,140000,golfpang,,,18홀,tr_220190281
한림광릉,2026-09-18,18:41,140000,golfpang,,,18홀,tr_220103120
골프클럽Q,2026-09-18,17:31,130000,golfpang,,,18홀,tr_220214166
알펜시아700,2026-09-18,17:30,80000,golfpang,,,18홀,tr_220214382
블랙스톤벨포레,2026-09-18,17:23,55000,golfpang,,,18홀,tr_220184542
이븐데일,2026-09-18,17:13,75000,golfpang,,,18홀,tr_220259773
이븐데일,2026-09-18,17:04,75000,golfpang,,,18홀,tr_220214351
로얄포레,2026-09-18,17:04,79000,golfpang,,,18홀,tr_220216492
파주,2026-09-18,17:50,160000,golfpang,,,18홀,tr_220103012
포레스트힐,2026-09-18,17:49,130000,golfpang,,,18홀,tr_219555181
모나크,2026-09-18,17:49,110000,golfpang,,,18홀,tr_220230501
벨라스톤,2026-09-18,17:46,80000,golfpang,,,18홀,tr_219765095
임페리얼레이크,2026-09-18,17:46,89000,golfpang,,,18홀,tr_220216550
옥스필드,2026-09-18,17:43,69000,golfpang,,,18홀,tr_220214295
대영베이스,2026-09-18,17:43,89000,golfpang,,,18홀,tr_219780744
모나크,2026-09-18,17:42,110000,golfpang,,,18홀,tr_220221255
필로스,2026-09-18,18:00,130000,golfpang,,,18홀,tr_219555215
떼제베(동북),2026-09-18,17:55,110000,golfpang,,,18홀,tr_220216585
한림용인,2026-09-18,17:52,135000,golfpang,,,18홀,tr_220214024
세현,2026-09-18,18:09,180000,golfpang,,,18홀,tr_220103248
해솔리아,2026-09-18,18:18,130000,golfpang,,,18홀,tr_220214195
임페리얼레이크,2026-09-18,17:46,89000,golfpang,,,18홀,tr_220215153
올데이,2026-09-18,18:11,50000,golfpang,,,18홀,tr_219368084
옥스필드,2026-09-18,18:11,59000,golfpang,,,18홀,tr_220215073
로얄포레,2026-09-18,18:15,69000,golfpang,,,18홀,tr_220215186
센추리21,2026-09-18,17:33,70000,golfpang,,,18홀,tr_220218499
포레스트힐,2026-09-18,18:03,120000,golfpang,,,18홀,tr_220215062
로얄포레,2026-09-18,17:53,79000,golfpang,,,18홀,tr_220301845
로얄포레,2026-09-18,18:40,69000,golfpang,,,18홀,tr_219999585
대영힐스,2026-09-18,18:55,79000,golfpang,,,18홀,tr_220015664
킹즈락,2026-09-18,17:52,85000,golfpang,,,18홀,tr_220180916
대영베이스,2026-09-18,17:51,89000,golfpang,,,18홀,tr_220022632
힐데스하임,2026-09-18,19:26,80000,golfpang,,,18홀,tr_220210567
세레니티cc,2026-09-18,18:20,130000,golfpang,,,18홀,tr_220212321
파인스톤,2026-09-18,17:57,150000,golfpang,,,18홀,tr_217890560
대호단양,2026-09-18,17:46,89000,golfpang,,,18홀,tr_219368829
모나크,2026-09-18,17:48,110000,golfpang,,,18홀,tr_220216244
스타,2026-09-18,17:49,110000,golfpang,,,18홀,tr_220002631
대호단양,2026-09-18,17:04,109000,golfpang,,,18홀,tr_220210437
이븐데일,2026-09-18,17:04,75000,golfpang,,,18홀,tr_220215622
대호단양,2026-09-18,17:11,99000,golfpang,,,18홀,tr_220210442
킹즈락,2026-09-18,18:06,75000,golfpang,,,18홀,tr_220210724
힐데스하임,2026-09-18,18:41,90000,golfpang,,,18홀,tr_220170361
대영힐스,2026-09-18,17:31,85000,golfpang,,,18홀,tr_220015663
세레니티cc,2026-09-18,19:16,130000,golfpang,,,18홀,tr_220212326
대영베이스,2026-09-18,18:51,89000,golfpang,,,18홀,tr_220022634
모나크,2026-09-18,18:51,110000,golfpang,,,18홀,tr_220216308
프린세스,2026-09-18,19:12,115000,golfpang,,,18홀,tr_220210604
스타,2026-09-18,18:24,100000,golfpang,,,18홀,tr_220002632
스타,2026-09-18,18:38,100000,golfpang,,,18홀,tr_220002633
힐데스하임,2026-09-18,19:41,80000,golfpang,,,18홀,tr_220210568
킹즈락,2026-09-18,18:48,70000,golfpang,,,18홀,tr_220210727
프린세스,2026-09-18,19:33,115000,golfpang,,,18홀,tr_220210605
대영힐스,2026-09-18,18:48,79000,golfpang,,,18홀,tr_220239350
모나크,2026-09-18,18:09,110000,golfpang,,,18홀,tr_220216311
로얄포레,2026-09-18,18:00,69000,golfpang,,,18홀,tr_219999815
세현,2026-09-18,18:09,150000,golfpang,,,18홀,tr_220218362
한림용인,2026-09-18,17:52,135000,golfpang,,,18홀,tr_220036837
아난티중앙(야간),2026-09-18,17:17,120000,golfpang,,,18홀,tr_219785805
클럽72,2026-09-18,19:21,140000,golfpang,,,18홀,tr_220152697
세현,2026-09-18,19:33,150000,golfpang,,,18홀,tr_220218371
클럽72,2026-09-18,19:35,140000,golfpang,,,18홀,tr_220204956
포웰(안성)cc,2026-09-18,19:49,102000,golfpang,,,18홀,tr_220210555
빅토리아-퍼9,2026-09-18,19:09,89000,golfpang,,,18홀,tr_220210530
포웰(안성)cc,2026-09-18,18:53,112000,golfpang,,,18홀,tr_220210556
세현,2026-09-18,18:58,150000,golfpang,,,18홀,tr_220218379
클럽72,2026-09-18,18:46,140000,golfpang,,,18홀,tr_220152696
해솔리아,2026-09-18,18:39,130000,golfpang,,,18홀,tr_220129524
빅토리아-퍼9,2026-09-18,18:34,89000,golfpang,,,18홀,tr_220210532
한림용인,2026-09-18,18:34,125000,golfpang,,,18홀,tr_220036839
포웰(안성)cc,2026-09-18,18:25,118000,golfpang,,,18홀,tr_220210541
아난티중앙(야간),2026-09-18,18:29,120000,golfpang,,,18홀,tr_219785806
아세코밸리-퍼9,2026-09-18,18:13,120000,golfpang,,,18홀,tr_220210814
한림용인,2026-09-18,18:06,130000,golfpang,,,18홀,tr_220036838
빅토리아-퍼9,2026-09-18,18:13,89000,golfpang,,,18홀,tr_220210528
킹즈락,2026-09-18,17:17,90000,golfpang,,,18홀,tr_220215158
알프스대영,2026-09-18,18:53,69000,golfpang,,,18홀,tr_220301760
알펜시아700,2026-09-18,18:10,70000,golfpang,,,18홀,tr_220301735
비에이비스타,2026-09-18,18:31,130000,golfpang,,,18홀,tr_220209647
포레스트힐,2026-09-18,18:52,120000,golfpang,,,18홀,tr_220209654
이포,2026-09-18,18:48,130000,golfpang,,,18홀,tr_220299666
블루원용인,2026-09-18,18:36,140000,golfpang,,,18홀,tr_220301698
이포,2026-09-18,19:09,120000,golfpang,,,18홀,tr_220299935
라싸,2026-09-18,17:46,139000,golfpang,,,18홀,tr_220215015
옥스필드,2026-09-18,18:39,59000,golfpang,,,18홀,tr_220297507
옥스필드,2026-09-18,17:55,59000,golfpang,,,18홀,tr_220202415
올데이,2026-09-18,18:00,50000,golfpang,,,18홀,tr_220297403
올데이,2026-09-18,17:18,59000,golfpang,,,18홀,tr_219999820
임페리얼레이크,2026-09-18,18:35,79000,golfpang,,,18홀,tr_220202214
임페리얼레이크,2026-09-18,17:35,89000,golfpang,,,18홀,tr_219999817
필로스,2026-09-18,18:08,130000,golfpang,,,18홀,tr_220179930
킹즈락,2026-09-18,18:27,65000,golfpang,,,18홀,tr_220208804
블랙스톤벨포레,2026-09-18,18:26,40000,golfpang,,,18홀,tr_220208798
떼제베(동북),2026-09-18,18:41,110000,golfpang,,,18홀,tr_219999577
옥스필드,2026-09-18,18:26,59000,golfpang,,,18홀,tr_220291409
옥스필드,2026-09-18,18:05,59000,golfpang,,,18홀,tr_220291376
아세코밸리-퍼9,2026-09-18,17:10,120000,golfpang,,,18홀,tr_220242486
남양주(퍼9),2026-09-18,17:27,100000,golfpang,,,18홀,tr_220242484
아세코밸리-퍼9,2026-09-18,17:24,120000,golfpang,,,18홀,tr_220242491
클럽72,2026-09-18,18:53,140000,golfpang,,,18홀,tr_220242559
그린힐,2026-09-18,18:31,110000,golfpang,,,18홀,tr_220242445
그린힐,2026-09-18,18:38,110000,golfpang,,,18홀,tr_220242479
일레븐,2026-09-18,18:38,55000,golfpang,,,18홀,tr_220242501
클럽72,2026-09-18,18:39,140000,golfpang,,,18홀,tr_220242535
세레니티-강촌,2026-09-18,18:14,110000,golfpang,,,18홀,tr_220291283
세레니티-강촌,2026-09-18,18:21,110000,golfpang,,,18홀,tr_220291282
세레니티-강촌,2026-09-18,18:14,110000,golfpang,,,18홀,tr_220291279
그린힐,2026-09-18,19:00,97000,golfpang,,,18홀,tr_219999136
솔라고,2026-09-18,18:40,87000,golfpang,,,18홀,tr_219332393
블랙스톤벨포레,2026-09-18,17:27,45000,golfpang,,,18홀,tr_220250178
블랙스톤벨포레,2026-09-18,18:16,40000,golfpang,,,18홀,tr_220250289
라싸,2026-09-18,17:32,139000,golfpang,,,18홀,tr_220215210
골프클럽Q,2026-09-18,17:33,130000,golfpang,,,18홀,tr_220215183
아리스타,2026-09-18,17:37,115000,golfpang,,,18홀,tr_220215328
임페리얼레이크,2026-09-18,17:04,99000,golfpang,,,18홀,tr_220215569
올데이,2026-09-18,17:04,59000,golfpang,,,18홀,tr_220215550
라싸,2026-09-18,17:32,139000,golfpang,,,18홀,tr_220215209
오로라,2026-09-18,17:50,100000,golfpang,,,18홀,tr_220215390
한림용인,2026-09-18,18:06,130000,golfpang,,,18홀,tr_220215658
킹즈락,2026-09-18,17:52,90000,golfpang,,,18홀,tr_220215625
베스트밸리-퍼9,2026-09-18,18:02,130000,golfpang,,,18홀,tr_220215290
로얄포레,2026-09-18,18:21,69000,golfpang,,,18홀,tr_220215253
한림용인,2026-09-18,18:13,130000,golfpang,,,18홀,tr_220289723
로얄링스,2026-09-18,18:14,80000,golfpang,,,18홀,tr_220057350
일라이트,2026-09-18,18:34,87000,golfpang,,,18홀,tr_220222213
프린세스,2026-09-18,19:19,115000,golfpang,,,18홀,tr_220289707
포웰(안성)cc,2026-09-18,18:39,115000,golfpang,,,18홀,tr_220289630
파주,2026-09-18,18:09,160000,golfpang,,,18홀,tr_220289623
킹즈락,2026-09-18,18:06,75000,golfpang,,,18홀,tr_220289615
그린힐,2026-09-18,18:31,110000,golfpang,,,18홀,tr_220205811
올데이,2026-09-18,18:07,50000,golfpang,,,18홀,tr_220289535
옥스필드,2026-09-18,18:04,59000,golfpang,,,18홀,tr_220289473
오로라,2026-09-18,17:58,100000,golfpang,,,18홀,tr_220289467
알프스대영,2026-09-18,18:46,65000,golfpang,,,18홀,tr_220289445
스타,2026-09-18,18:24,100000,golfpang,,,18홀,tr_220289303
한림용인,2026-09-18,18:41,125000,golfpang,,,18홀,tr_220289280
라싸,2026-09-18,18:00,139000,golfpang,,,18홀,tr_220289079
클럽72,2026-09-18,17:58,150000,golfpang,,,18홀,tr_220212011
클럽72,2026-09-18,19:10,140000,golfpang,,,18홀,tr_220274611
클럽72,2026-09-18,19:10,140000,golfpang,,,18홀,tr_220274661
플라밍고,2026-09-18,18:59,90000,golfpang,,,18홀,tr_220288975
플라밍고,2026-09-18,18:52,90000,golfpang,,,18홀,tr_220288946
이포,2026-09-18,18:41,130000,golfpang,,,18홀,tr_220056682
이포,2026-09-18,19:02,120000,golfpang,,,18홀,tr_220056689
스톤비치,2026-09-18,17:16,60000,golfpang,,,18홀,tr_220088407
스톤비치,2026-09-18,17:16,60000,golfpang,,,18홀,tr_220121382
스톤비치,2026-09-18,17:40,60000,golfpang,,,18홀,tr_220088448
로얄포레,2026-09-18,17:53,79000,golfpang,,,18홀,tr_220088859
파주,2026-09-18,18:37,160000,golfpang,,,18홀,tr_219831192
빅토리아-퍼9,2026-09-18,18:34,89000,golfpang,,,18홀,tr_219749318
동서울cc-퍼9,2026-09-18,18:31,49000,golfpang,,,18홀,tr_219787133
파주타이거,2026-09-18,18:29,170000,golfpang,,,18홀,tr_219831406
아난티중앙(야간),2026-09-18,18:29,120000,golfpang,,,18홀,tr_220037884
비콘힐스,2026-09-18,18:54,80000,golfpang,,,18홀,tr_220260497
알프스대영,2026-09-18,18:53,69000,golfpang,,,18홀,tr_219817297
포레스트힐,2026-09-18,18:52,120000,golfpang,,,18홀,tr_220034491
모나크,2026-09-18,18:51,110000,golfpang,,,18홀,tr_220216532
라싸,2026-09-18,18:49,139000,golfpang,,,18홀,tr_220012501
킹즈락,2026-09-18,18:48,70000,golfpang,,,18홀,tr_220211777
용인플라자,2026-09-18,18:48,160000,golfpang,,,18홀,tr_219929388
세레니티cc,2026-09-18,18:48,130000,golfpang,,,18홀,tr_220203372
한림용인,2026-09-18,18:48,125000,golfpang,,,18홀,tr_220035738
클럽72,2026-09-18,18:46,140000,golfpang,,,18홀,tr_219822487
알프스대영,2026-09-18,18:46,69000,golfpang,,,18홀,tr_219817298
힐데스하임,2026-09-18,18:41,90000,golfpang,,,18홀,tr_220211806
포웰(안성)cc,2026-09-18,19:49,102000,golfpang,,,18홀,tr_220014211
클럽72,2026-09-18,19:35,140000,golfpang,,,18홀,tr_219822485
프린세스,2026-09-18,19:33,115000,golfpang,,,18홀,tr_220013837
프린세스,2026-09-18,19:26,115000,golfpang,,,18홀,tr_220211796
힐데스하임,2026-09-18,19:26,80000,golfpang,,,18홀,tr_220211809
세현,2026-09-18,19:26,150000,golfpang,,,18홀,tr_220218404
클럽72,2026-09-18,19:21,140000,golfpang,,,18홀,tr_219822486
프린세스,2026-09-18,19:19,115000,golfpang,,,18홀,tr_220013836
세레니티cc,2026-09-18,19:16,130000,golfpang,,,18홀,tr_220211717
포웰(안성)cc,2026-09-18,19:14,112000,golfpang,,,18홀,tr_220014209
빅토리아-퍼9,2026-09-18,19:09,89000,golfpang,,,18홀,tr_220211709
비콘힐스,2026-09-18,19:08,80000,golfpang,,,18홀,tr_220260502
오로라,2026-09-18,19:02,80000,golfpang,,,18홀,tr_220211767
포웰(안성)cc,2026-09-18,19:00,112000,golfpang,,,18홀,tr_220014210
포레스트힐,2026-09-18,18:59,120000,golfpang,,,18홀,tr_220034490
세현,2026-09-18,18:58,150000,golfpang,,,18홀,tr_220218381
대영힐스,2026-09-18,18:55,79000,golfpang,,,18홀,tr_220056472
오로라,2026-09-18,18:54,80000,golfpang,,,18홀,tr_220151038
대호단양,2026-09-18,18:00,89000,golfpang,,,18홀,tr_220211669
파주타이거,2026-09-18,17:59,170000,golfpang,,,18홀,tr_219831405
한림용인,2026-09-18,17:59,135000,golfpang,,,18홀,tr_220035739
알펜시아700,2026-09-18,17:58,70000,golfpang,,,18홀,tr_220211758
파인스톤,2026-09-18,17:57,150000,golfpang,,,18홀,tr_220211779
파주,2026-09-18,17:55,160000,golfpang,,,18홀,tr_219831194
킹즈락,2026-09-18,17:52,85000,golfpang,,,18홀,tr_220169975
오로라,2026-09-18,17:50,100000,golfpang,,,18홀,tr_220151037
동서울cc-퍼9,2026-09-18,17:49,49000,golfpang,,,18홀,tr_220211686
모나크,2026-09-18,17:48,110000,golfpang,,,18홀,tr_220216490
센추리21(퍼),2026-09-18,17:47,65000,golfpang,,,18홀,tr_220214705
센추리21,2026-09-18,17:47,80000,golfpang,,,18홀,tr_220214536
파주타이거,2026-09-18,17:47,170000,golfpang,,,18홀,tr_219831404
킹즈락,2026-09-18,18:13,75000,golfpang,,,18홀,tr_220211775
에스앤-퍼9,2026-09-18,18:13,50000,golfpang,,,18홀,tr_220211765
용인플라자,2026-09-18,18:13,160000,golfpang,,,18홀,tr_219929386
베스트밸리-퍼9,2026-09-18,18:09,130000,golfpang,,,18홀,tr_219793541
모나크,2026-09-18,18:09,110000,golfpang,,,18홀,tr_220216529
베스트밸리-퍼9,2026-09-18,18:02,130000,golfpang,,,18홀,tr_219793542
센추리21(퍼),2026-09-18,18:01,65000,golfpang,,,18홀,tr_220214672
센추리21,2026-09-18,18:01,80000,golfpang,,,18홀,tr_220214565
한림용인,2026-09-18,18:27,130000,golfpang,,,18홀,tr_220035740
용인플라자,2026-09-18,18:26,160000,golfpang,,,18홀,tr_219929387
힐데스하임,2026-09-18,18:26,100000,golfpang,,,18홀,tr_220007805
알펜시아700,2026-09-18,18:26,70000,golfpang,,,18홀,tr_220262296
센추리21,2026-09-18,18:22,80000,golfpang,,,18홀,tr_220214644
센추리21(퍼),2026-09-18,18:22,65000,golfpang,,,18홀,tr_220214702
세레니티cc,2026-09-18,18:20,130000,golfpang,,,18홀,tr_220203374
파주,2026-09-18,18:16,160000,golfpang,,,18홀,tr_219831193
세현,2026-09-18,18:16,150000,golfpang,,,18홀,tr_220218373
라싸,2026-09-18,18:14,139000,golfpang,,,18홀,tr_220012503
빅토리아-퍼9,2026-09-18,18:13,89000,golfpang,,,18홀,tr_219749320
비콘힐스,2026-09-18,18:40,80000,golfpang,,,18홀,tr_220260495
해솔리아,2026-09-18,18:39,130000,golfpang,,,18홀,tr_220125454
대호단양,2026-09-18,17:25,99000,golfpang,,,18홀,tr_220211667
에스앤-퍼9,2026-09-18,17:24,50000,golfpang,,,18홀,tr_219865853
라싸,2026-09-18,17:46,139000,golfpang,,,18홀,tr_220012502
에스앤-퍼9,2026-09-18,17:45,50000,golfpang,,,18홀,tr_219865854
알펜시아700,2026-09-18,17:44,70000,golfpang,,,18홀,tr_219795005
동서울cc-퍼9,2026-09-18,17:42,49000,golfpang,,,18홀,tr_219787132
아난티중앙(야간),2026-09-18,17:35,120000,golfpang,,,18홀,tr_220037883
대영힐스,2026-09-18,17:31,89000,golfpang,,,18홀,tr_220056473
라싸,2026-09-18,17:53,139000,golfpang,,,18홀,tr_220288475
동강시스타,2026-09-18,17:38,70000,golfpang,,,18홀,tr_220288457
대영힐스,2026-09-18,18:55,79000,golfpang,,,18홀,tr_220088809
비에이비스타(퍼),2026-09-18,18:38,90000,golfpang,,,18홀,tr_220252953
필로스,2026-09-18,17:54,130000,golfpang,,,18홀,tr_220203257
파주,2026-09-18,17:48,160000,golfpang,,,18홀,tr_220213968
로얄링스,2026-09-18,18:21,80000,golfpang,,,18홀,tr_220203550
이포,2026-09-18,18:41,130000,golfpang,,,18홀,tr_220203059
스톤비치,2026-09-18,16:55,70000,golfpang,,,18홀,tr_220215049
킹즈락,2026-09-18,18:48,70000,golfpang,,,18홀,tr_220203373
로얄포레,2026-09-18,18:49,69000,golfpang,,,18홀,tr_220203298
임페리얼레이크,2026-09-18,18:42,79000,golfpang,,,18홀,tr_220203329
해솔리아,2026-09-18,18:11,130000,golfpang,,,18홀,tr_220037879
한림용인,2026-09-18,18:13,130000,golfpang,,,18홀,tr_220203507
한림용인,2026-09-18,18:41,125000,golfpang,,,18홀,tr_220035870
클럽72,2026-09-18,18:46,140000,golfpang,,,18홀,tr_220034935
오로라,2026-09-18,18:54,80000,golfpang,,,18홀,tr_220057751
알펜시아700,2026-09-18,17:44,70000,golfpang,,,18홀,tr_220056677
필로스,2026-09-18,18:00,130000,golfpang,,,18홀,tr_220203492
임페리얼레이크,2026-09-18,17:46,89000,golfpang,,,18홀,tr_220203337
임페리얼레이크,2026-09-18,17:46,89000,golfpang,,,18홀,tr_220287537
남양주(퍼9),2026-09-18,17:00,100000,golfpang,,,18홀,tr_220057059
남양주(퍼9),2026-09-18,17:14,100000,golfpang,,,18홀,tr_220057069
스톤비치,2026-09-18,17:37,60000,golfpang,,,18홀,tr_220252962
스톤비치,2026-09-18,17:44,60000,golfpang,,,18홀,tr_220252968
스톤비치,2026-09-18,17:16,60000,golfpang,,,18홀,tr_220252950
클럽72,2026-09-18,18:46,140000,golfpang,,,18홀,tr_220283057
파주,2026-09-18,17:55,160000,golfpang,,,18홀,tr_220282976
포레스트힐,2026-09-18,18:59,120000,golfpang,,,18홀,tr_218699785
포레스트힐,2026-09-18,18:52,120000,golfpang,,,18홀,tr_218699787
포레스트힐,2026-09-18,18:52,120000,golfpang,,,18홀,tr_218699786
알펜시아700,2026-09-18,18:46,65000,golfpang,,,18홀,tr_220183923
알펜시아700,2026-09-18,17:44,70000,golfpang,,,18홀,tr_220002541
포웰(안성)cc,2026-09-18,18:25,118000,golfpang,,,18홀,tr_220035614
알펜시아700,2026-09-18,17:44,70000,golfpang,,,18홀,tr_220274664
플라밍고,2026-09-18,18:30,87000,golfpang,,,18홀,tr_220274608
라싸,2026-09-18,17:39,139000,golfpang,,,18홀,tr_220274582
플라밍고,2026-09-18,18:30,87000,golfpang,,,18홀,tr_220274466
포웰(안성)cc,2026-09-18,18:25,118000,golfpang,,,18홀,tr_220218406
파주,2026-09-18,18:23,160000,golfpang,,,18홀,tr_220138643
파주,2026-09-18,18:51,160000,golfpang,,,18홀,tr_220138644
파주,2026-09-18,17:55,160000,golfpang,,,18홀,tr_220138642
블랙스톤벨포레,2026-09-18,17:37,45000,golfpang,,,18홀,tr_220034474
블랙스톤벨포레,2026-09-18,18:26,40000,golfpang,,,18홀,tr_220034521
포레스트힐,2026-09-18,18:38,130000,golfpang,,,18홀,tr_220205941
스톤비치,2026-09-18,17:30,60000,golfpang,,,18홀,tr_220261757
옥스필드,2026-09-18,17:57,59000,golfpang,,,18홀,tr_220205939
오로라,2026-09-18,18:54,80000,golfpang,,,18홀,tr_220205937
알펜시아700,2026-09-18,17:30,70000,golfpang,,,18홀,tr_220205803
비에이비스타,2026-09-18,18:44,130000,golfpang,,,18홀,tr_220126163
벨라스톤,2026-09-18,18:06,90000,golfpang,,,18홀,tr_220241670
베스트밸리-퍼9,2026-09-18,18:02,130000,golfpang,,,18홀,tr_220210487
남한강에스파크,2026-09-18,18:28,79000,golfpang,,,18홀,tr_219569204
벨라스톤,2026-09-18,18:20,90000,golfpang,,,18홀,tr_220241687
남한강에스파크,2026-09-18,18:14,79000,golfpang,,,18홀,tr_219569203
포레스트힐,2026-09-18,18:38,120000,golfpang,,,18홀,tr_218782235
비콘힐스,2026-09-18,18:33,80000,golfpang,,,18홀,tr_220211467
동서울cc-퍼9,2026-09-18,18:31,49000,golfpang,,,18홀,tr_220210481
센추리21,2026-09-18,18:29,70000,golfpang,,,18홀,tr_220211564
센추리21(퍼),2026-09-18,18:29,65000,golfpang,,,18홀,tr_220211589
알프스대영,2026-09-18,18:53,69000,golfpang,,,18홀,tr_220210821
한림광릉,2026-09-18,18:48,140000,golfpang,,,18홀,tr_220125264
알프스대영,2026-09-18,18:46,69000,golfpang,,,18홀,tr_220037717
오로라,2026-09-18,18:46,90000,golfpang,,,18홀,tr_219798057
한림광릉,2026-09-18,18:41,140000,golfpang,,,18홀,tr_220125263
비콘힐스,2026-09-18,19:08,80000,golfpang,,,18홀,tr_220210397
라싸,2026-09-18,19:03,139000,golfpang,,,18홀,tr_220012714
오로라,2026-09-18,19:02,90000,golfpang,,,18홀,tr_220210782
포레스트힐,2026-09-18,18:59,120000,golfpang,,,18홀,tr_218782236
알펜시아700,2026-09-18,17:30,80000,golfpang,,,18홀,tr_219583685
베스트밸리-퍼9,2026-09-18,17:06,140000,golfpang,,,18홀,tr_220210486
알프스대영,2026-09-18,16:54,75000,golfpang,,,18홀,tr_220037715
남양주(퍼9),2026-09-18,16:54,100000,golfpang,,,18홀,tr_220124758
동서울cc-퍼9,2026-09-18,17:42,49000,golfpang,,,18홀,tr_220210479
센추리21(퍼),2026-09-18,17:40,65000,golfpang,,,18홀,tr_220211587
남양주(퍼9),2026-09-18,17:40,100000,golfpang,,,18홀,tr_220124759
센추리21,2026-09-18,17:33,70000,golfpang,,,18홀,tr_218479775
라싸,2026-09-18,17:32,139000,golfpang,,,18홀,tr_220012712
오로라,2026-09-18,17:50,100000,golfpang,,,18홀,tr_219798058
베스트밸리-퍼9,2026-09-18,18:09,130000,golfpang,,,18홀,tr_220210488
라싸,2026-09-18,18:07,139000,golfpang,,,18홀,tr_220012713
프린세스,2026-09-18,19:12,115000,golfpang,,,18홀,tr_220208808
골프클럽Q,2026-09-18,18:15,120000,golfpang,,,18홀,tr_220260864
라싸,2026-09-18,17:39,139000,golfpang,,,18홀,tr_220203479
포웰(안성)cc,2026-09-18,19:42,102000,golfpang,,,18홀,tr_220127425
포웰(안성)cc,2026-09-18,18:46,112000,golfpang,,,18홀,tr_220127426
포웰(안성)cc,2026-09-18,18:25,118000,golfpang,,,18홀,tr_220127424
베스트밸리-퍼9,2026-09-18,17:06,140000,golfpang,,,18홀,tr_220260195
베스트밸리-퍼9,2026-09-18,18:02,130000,golfpang,,,18홀,tr_220260183
스타,2026-09-18,18:31,100000,golfpang,,,18홀,tr_220183563
스타,2026-09-18,18:03,100000,golfpang,,,18홀,tr_220183562
스타,2026-09-18,17:35,110000,golfpang,,,18홀,tr_220183561
한림용인,2026-09-18,18:06,130000,golfpang,,,18홀,tr_220213487
해솔리아,2026-09-18,18:04,130000,golfpang,,,18홀,tr_220201336
해솔리아,2026-09-18,17:15,140000,golfpang,,,18홀,tr_220201335
해솔리아,2026-09-18,18:32,130000,golfpang,,,18홀,tr_220201337
그린힐,2026-09-18,18:31,110000,golfpang,,,18홀,tr_220218330
이븐데일,2026-09-18,17:04,75000,golfpang,,,18홀,tr_220214935
포레스트힐,2026-09-18,18:17,120000,golfpang,,,18홀,tr_220213424
파주,2026-09-18,17:55,160000,golfpang,,,18홀,tr_220205940
프린세스,2026-09-18,18:51,120000,golfpang,,,18홀,tr_220259723
킹즈락,2026-09-18,17:40,85000,golfpang,,,18홀,tr_220259248
킹즈락,2026-09-18,17:52,85000,golfpang,,,18홀,tr_220203369
킹즈락,2026-09-18,18:06,75000,golfpang,,,18홀,tr_220203370
대영힐스,2026-09-18,17:31,85000,golfpang,,,18홀,tr_220259158
베르힐(영종),2026-09-18,17:29,190000,golfpang,,,18홀,tr_219778463
라싸,2026-09-18,17:22,139000,golfpang,,,18홀,tr_220253149
세현,2026-09-18,17:20,180000,golfpang,,,18홀,tr_219778453
대영힐스,2026-09-18,17:07,89000,golfpang,,,18홀,tr_219777834
대영베이스,2026-09-18,16:58,99000,golfpang,,,18홀,tr_220240765
로얄포레,2026-09-18,16:58,79000,golfpang,,,18홀,tr_220241840
대영베이스,2026-09-18,17:40,89000,golfpang,,,18홀,tr_220241137
베르힐(영종),2026-09-18,17:39,190000,golfpang,,,18홀,tr_219777002
모나크,2026-09-18,17:30,110000,golfpang,,,18홀,tr_220250067
임페리얼레이크,2026-09-18,17:00,89000,golfpang,,,18홀,tr_220241729
세레니티cc,2026-09-18,18:13,130000,golfpang,,,18홀,tr_220250494
옥스필드,2026-09-18,18:04,59000,golfpang,,,18홀,tr_220057945
힐데스하임,2026-09-18,18:26,100000,golfpang,,,18홀,tr_220203471
한림용인,2026-09-18,17:52,135000,golfpang,,,18홀,tr_220035811
프린세스,2026-09-18,18:44,120000,golfpang,,,18홀,tr_220258423
대영힐스,2026-09-18,18:48,79000,golfpang,,,18홀,tr_220181629
오로라,2026-09-18,17:50,110000,golfpang,,,18홀,tr_220258399
빅토리아-퍼9,2026-09-18,18:13,89000,golfpang,,,18홀,tr_220256067
파주,2026-09-18,17:55,160000,golfpang,,,18홀,tr_220256052
한림용인,2026-09-18,18:13,130000,golfpang,,,18홀,tr_220256027
한림용인,2026-09-18,17:52,135000,golfpang,,,18홀,tr_220174510
클럽72,2026-09-18,18:39,140000,golfpang,,,18홀,tr_220174628
한림광릉,2026-09-18,18:41,140000,golfpang,,,18홀,tr_220174654
포레스트힐,2026-09-18,18:17,120000,golfpang,,,18홀,tr_220255993
일레븐,2026-09-18,18:38,55000,golfpang,,,18홀,tr_220179545
알펜시아700,2026-09-18,17:30,70000,golfpang,,,18홀,tr_220179316
떼제베(동북),2026-09-18,18:44,110000,golfpang,,,18홀,tr_220179442
아세코밸리-퍼9,2026-09-18,17:10,120000,golfpang,,,18홀,tr_220174574
세현,2026-09-18,18:09,150000,golfpang,,,18홀,tr_220033061
남양주(퍼9),2026-09-18,17:27,100000,golfpang,,,18홀,tr_220209178
그린힐,2026-09-18,18:31,110000,golfpang,,,18홀,tr_220203872
필로스,2026-09-18,18:00,130000,golfpang,,,18홀,tr_219794964
클럽72,2026-09-18,17:50,150000,golfpang,,,18홀,tr_220200442
클럽72,2026-09-18,18:25,140000,golfpang,,,18홀,tr_220200443
포웰(안성)cc,2026-09-18,18:18,132000,golfpang,,,18홀,tr_220200260
파주,2026-09-18,18:16,170000,golfpang,,,18홀,tr_220200714
세현,2026-09-18,18:30,170000,golfpang,,,18홀,tr_220199836
대영베이스,2026-09-18,18:51,99000,golfpang,,,18홀,tr_220199559
대영힐스,2026-09-18,18:48,75000,golfpang,,,18홀,tr_220199520
알프스대영,2026-09-18,18:46,59000,golfpang,,,18홀,tr_220199940
포웰(안성)cc,2026-09-18,18:46,122000,golfpang,,,18홀,tr_220200261
떼제베(동북),2026-09-18,18:44,110000,golfpang,,,18홀,tr_220200163
클럽72,2026-09-18,19:35,130000,golfpang,,,18홀,tr_220200444
포웰(안성)cc,2026-09-18,19:35,112000,golfpang,,,18홀,tr_220200262
떼제베(동북),2026-09-18,18:58,110000,golfpang,,,18홀,tr_220200164
로얄포레,2026-09-18,17:25,89000,golfpang,,,18홀,tr_220199619
대영힐스,2026-09-18,17:17,89000,golfpang,,,18홀,tr_220199518
임페리얼레이크,2026-09-18,17:11,99000,golfpang,,,18홀,tr_220199597
임페리얼레이크,2026-09-18,17:04,99000,golfpang,,,18홀,tr_220199596
알프스대영,2026-09-18,16:54,69000,golfpang,,,18홀,tr_220199939
알프스대영,2026-09-18,16:54,69000,golfpang,,,18홀,tr_220199938
파주,2026-09-18,17:41,170000,golfpang,,,18홀,tr_220200713
대영힐스,2026-09-18,17:31,89000,golfpang,,,18홀,tr_220199519
떼제베(동북),2026-09-18,17:55,110000,golfpang,,,18홀,tr_220200162
임페리얼레이크,2026-09-18,17:53,89000,golfpang,,,18홀,tr_220199598
대영베이스,2026-09-18,17:51,99000,golfpang,,,18홀,tr_220199558
대영베이스,2026-09-18,17:51,99000,golfpang,,,18홀,tr_220199557
세현,2026-09-18,18:02,170000,golfpang,,,18홀,tr_220199835
세현,2026-09-18,17:48,170000,golfpang,,,18홀,tr_220199834
그린힐,2026-09-18,18:50,97000,golfpang,,,18홀,tr_219999133
포레스트힐,2026-09-18,18:52,130000,golfpang,,,18홀,tr_220203484
클럽72,2026-09-18,17:50,150000,golfpang,,,18홀,tr_220210292
한림광릉,2026-09-18,18:41,140000,golfpang,,,18홀,tr_220203714
클럽72,2026-09-18,18:39,140000,golfpang,,,18홀,tr_220203715
클럽72,2026-09-18,19:21,130000,golfpang,,,18홀,tr_219550538
블루원용인(퍼),2026-09-18,18:01,110000,golfpang,,,18홀,tr_220242416
블루원용인,2026-09-18,18:29,140000,golfpang,,,18홀,tr_220242390
클럽72,2026-09-18,18:41,140000,golfpang,,,18홀,tr_220242090
남양주(퍼9),2026-09-18,17:27,100000,golfpang,,,18홀,tr_220210411
세현,2026-09-18,19:19,150000,golfpang,,,18홀,tr_219184009
세현,2026-09-18,18:09,150000,golfpang,,,18홀,tr_219184008
파주,2026-09-18,17:41,160000,golfpang,,,18홀,tr_220241275
포웰(안성)cc,2026-09-18,17:50,118000,golfpang,,,18홀,tr_220241259
이포,2026-09-18,18:48,130000,golfpang,,,18홀,tr_220238955
비에이비스타(퍼),2026-09-18,18:38,115000,golfpang,,,18홀,tr_220238909
필로스,2026-09-18,17:54,130000,golfpang,,,18홀,tr_220219633
아난티중앙(야간),2026-09-18,17:35,120000,golfpang,,,18홀,tr_220236460
스톤비치,2026-09-18,17:16,70000,golfpang,,,18홀,tr_220236379
블루원용인,2026-09-18,18:36,165000,golfpang,,,18홀,tr_220001546
포레스트힐,2026-09-18,18:31,120000,golfpang,,,18홀,tr_219822205
세현,2026-09-18,18:02,170000,golfpang,,,18홀,tr_219911663
용인(비공개),2026-09-18,18:03,140000,golfpang,,,18홀,tr_219999236
용인플라자,2026-09-18,18:05,160000,golfpang,,,18홀,tr_219528701
해솔리아,2026-09-18,18:11,130000,golfpang,,,18홀,tr_220208966
빅토리아-퍼9,2026-09-18,18:13,89000,golfpang,,,18홀,tr_219778163
포웰(안성)cc,2026-09-18,17:57,132000,golfpang,,,18홀,tr_219987629
세현,2026-09-18,17:34,170000,golfpang,,,18홀,tr_219911662
아난티중앙(야간),2026-09-18,17:35,130000,golfpang,,,18홀,tr_220026902
용인(비공개),2026-09-18,17:35,140000,golfpang,,,18홀,tr_219999235
아세코밸리-퍼9,2026-09-18,17:38,120000,golfpang,,,18홀,tr_219932316
골프존 안성W,2026-09-18,17:42,120000,golfpang,,,18홀,tr_220037136
아세코밸리-퍼9,2026-09-18,16:35,120000,golfpang,,,18홀,tr_219932315
골프존 안성W,2026-09-18,19:06,110000,golfpang,,,18홀,tr_220037138
리베라,2026-09-18,18:59,140000,golfpang,,,18홀,tr_219986302
용인플라자,2026-09-18,17:30,160000,golfpang,,,18홀,tr_219528700
포웰(안성)cc,2026-09-18,18:46,122000,golfpang,,,18홀,tr_219987630
리베라,2026-09-18,18:52,140000,golfpang,,,18홀,tr_219986301
해솔리아,2026-09-18,18:32,130000,golfpang,,,18홀,tr_220208967
용인플라자,2026-09-18,18:33,160000,golfpang,,,18홀,tr_219528702
세현,2026-09-18,18:37,170000,golfpang,,,18홀,tr_219911664
골프존 안성W,2026-09-18,18:38,110000,golfpang,,,18홀,tr_220037137
용인(비공개),2026-09-18,18:17,140000,golfpang,,,18홀,tr_219999237
아난티중앙(야간),2026-09-18,18:20,120000,golfpang,,,18홀,tr_220026903
이천실크밸리,2026-09-18,18:24,115000,golfpang,,,18홀,tr_219922761
대영베이스,2026-09-18,18:24,89000,golfpang,,,18홀,tr_220070147
센추리21,2026-09-18,17:47,80000,golfpang,,,18홀,tr_220217034
센추리21(퍼),2026-09-18,18:29,65000,golfpang,,,18홀,tr_220216671
센추리21(퍼),2026-09-18,17:40,65000,golfpang,,,18홀,tr_220165593
벨라스톤,2026-09-18,18:13,80000,golfpang,,,18홀,tr_219911532
벨라스톤,2026-09-18,17:59,80000,golfpang,,,18홀,tr_219911531
알펜시아700,2026-09-18,18:05,80000,golfpang,,,18홀,tr_219820843
벨라스톤,2026-09-18,18:41,80000,golfpang,,,18홀,tr_219911533
동서울cc-퍼9,2026-09-18,17:35,65000,golfpang,,,18홀,tr_217703348
알프스대영,2026-09-18,18:39,59000,golfpang,,,18홀,tr_220138695
알프스대영,2026-09-18,18:53,49000,golfpang,,,18홀,tr_220138696
오로라,2026-09-18,17:50,100000,golfpang,,,18홀,tr_220201647
센추리21,2026-09-18,18:29,80000,golfpang,,,18홀,tr_220217060
파주타이거,2026-09-18,17:23,170000,golfpang,,,18홀,tr_219156693
한림광릉,2026-09-18,17:10,140000,golfpang,,,18홀,tr_220128014
베스트밸리-퍼9,2026-09-18,17:06,140000,golfpang,,,18홀,tr_220190815
파주,2026-09-18,16:59,170000,golfpang,,,18홀,tr_219156801
남양주(퍼9),2026-09-18,16:47,100000,golfpang,,,18홀,tr_220125379
라싸,2026-09-18,17:39,139000,golfpang,,,18홀,tr_220037040
필로스,2026-09-18,18:00,130000,golfpang,,,18홀,tr_219780211
한림광릉,2026-09-18,17:52,140000,golfpang,,,18홀,tr_220128015
파주타이거,2026-09-18,17:47,170000,golfpang,,,18홀,tr_219156694
파주타이거,2026-09-18,18:11,170000,golfpang,,,18홀,tr_219156695
베스트밸리-퍼9,2026-09-18,18:02,130000,golfpang,,,18홀,tr_220190816
필로스,2026-09-18,18:27,130000,golfpang,,,18홀,tr_219780213
한림광릉,2026-09-18,18:20,140000,golfpang,,,18홀,tr_220128016
베스트밸리-퍼9,2026-09-18,18:16,130000,golfpang,,,18홀,tr_220190817
필로스,2026-09-18,18:14,130000,golfpang,,,18홀,tr_219780212
라싸,2026-09-18,18:14,139000,golfpang,,,18홀,tr_220037041
라싸,2026-09-18,19:03,139000,golfpang,,,18홀,tr_220037039
해솔리아,2026-09-18,18:11,130000,golfpang,,,18홀,tr_220127937
한림용인,2026-09-18,17:24,150000,golfpang,,,18홀,tr_220088072
리베라,2026-09-18,19:13,140000,golfpang,,,18홀,tr_220190583
리베라,2026-09-18,19:20,140000,golfpang,,,18홀,tr_220190584
클럽72,2026-09-18,19:21,130000,golfpang,,,18홀,tr_220179232
클럽72,2026-09-18,18:25,140000,golfpang,,,18홀,tr_220179231
해솔리아,2026-09-18,17:29,140000,golfpang,,,18홀,tr_220127936
빅토리아-퍼9,2026-09-18,17:38,89000,golfpang,,,18홀,tr_220007688
한림용인,2026-09-18,18:34,130000,golfpang,,,18홀,tr_220088071
한림용인,2026-09-18,17:59,135000,golfpang,,,18홀,tr_220088073
해솔리아,2026-09-18,18:39,130000,golfpang,,,18홀,tr_220127938
아세코밸리-퍼9,2026-09-18,16:35,120000,golfpang,,,18홀,tr_219951387
이천실크밸리,2026-09-18,18:24,115000,golfpang,,,18홀,tr_219961777
스타,2026-09-18,18:38,100000,golfpang,,,18홀,tr_220084522
모나크,2026-09-18,18:30,110000,golfpang,,,18홀,tr_219553477
파인스톤,2026-09-18,18:53,140000,golfpang,,,18홀,tr_218361666
대영힐스,2026-09-18,18:48,75000,golfpang,,,18홀,tr_220005123
감곡,2026-09-18,19:02,100000,golfpang,,,18홀,tr_219989514
스타,2026-09-18,18:17,100000,golfpang,,,18홀,tr_220084521
대영베이스,2026-09-18,18:24,89000,golfpang,,,18홀,tr_220004772
모나크,2026-09-18,17:48,110000,golfpang,,,18홀,tr_219553476
대호단양,2026-09-18,18:00,89000,golfpang,,,18홀,tr_220184389
스타,2026-09-18,17:35,110000,golfpang,,,18홀,tr_220084520
프린세스,2026-09-18,17:41,125000,golfpang,,,18홀,tr_219540344
대영베이스,2026-09-18,17:44,95000,golfpang,,,18홀,tr_220004770
대영베이스,2026-09-18,17:44,95000,golfpang,,,18홀,tr_220004771
킹즈락,2026-09-18,17:45,90000,golfpang,,,18홀,tr_220170156
대영힐스,2026-09-18,17:17,79000,golfpang,,,18홀,tr_220005122
이븐데일,2026-09-18,17:25,79000,golfpang,,,18홀,tr_219966641
파인스톤,2026-09-18,17:29,150000,golfpang,,,18홀,tr_218361665
감곡,2026-09-18,19:02,100000,golfpang,,,18홀,tr_219989513
감곡,2026-09-18,19:02,100000,golfpang,,,18홀,tr_219989512
용인플라자,2026-09-18,18:13,160000,golfpang,,,18홀,tr_220220479
남양주(퍼9),2026-09-18,17:27,100000,golfpang,,,18홀,tr_220221866
힐데스하임,2026-09-18,19:26,80000,golfpang,,,18홀,tr_220220546
힐데스하임,2026-09-18,18:41,90000,golfpang,,,18홀,tr_220220509
힐데스하임,2026-09-18,18:26,100000,golfpang,,,18홀,tr_220220507
모나크,2026-09-18,18:09,110000,golfpang,,,18홀,tr_220220375
모나크,2026-09-18,17:55,110000,golfpang,,,18홀,tr_219489136
모나크,2026-09-18,17:48,110000,golfpang,,,18홀,tr_219489135
비에이비스타,2026-09-18,18:17,130000,golfpang,,,18홀,tr_220023751
해솔리아,2026-09-18,18:18,130000,golfpang,,,18홀,tr_220219936
라싸,2026-09-18,17:46,139000,golfpang,,,18홀,tr_219834099
라싸,2026-09-18,17:39,139000,golfpang,,,18홀,tr_219834098
라싸,2026-09-18,17:32,139000,golfpang,,,18홀,tr_219834097
그린힐,2026-09-18,18:31,110000,golfpang,,,18홀,tr_220218459
그린힐,2026-09-18,18:38,110000,golfpang,,,18홀,tr_220218470
일레븐,2026-09-18,18:38,55000,golfpang,,,18홀,tr_219952226
블랙스톤벨포레,2026-09-18,17:30,55000,golfpang,,,18홀,tr_220209581
이븐데일,2026-09-18,17:05,75000,golfpang,,,18홀,tr_220218495
한림용인,2026-09-18,17:52,135000,golfpang,,,18홀,tr_220218480
세현,2026-09-18,18:58,150000,golfpang,,,18홀,tr_220034021
세현,2026-09-18,18:23,150000,golfpang,,,18홀,tr_220034022
세현,2026-09-18,18:09,150000,golfpang,,,18홀,tr_220034020
남한강에스파크,2026-09-18,18:28,79000,golfpang,,,18홀,tr_219356658
남한강에스파크,2026-09-18,18:21,79000,golfpang,,,18홀,tr_219356659
남한강에스파크,2026-09-18,18:14,79000,golfpang,,,18홀,tr_219356657
파인스톤,2026-09-18,18:53,140000,golfpang,,,18홀,tr_220217882
골프존 화랑,2026-09-18,18:35,99000,golfpang,,,18홀,tr_220180279
오로라,2026-09-18,18:23,80000,golfpang,,,18홀,tr_220179853
블랙스톤벨포레,2026-09-18,18:26,45000,golfpang,,,18홀,tr_220180583
인천그랜드,2026-09-18,18:01,179000,golfpang,,,18홀,tr_220180275
대영베이스,2026-09-18,18:04,79000,golfpang,,,18홀,tr_220180410
알펜시아700,2026-09-18,18:05,70000,golfpang,,,18홀,tr_220179852
벨라스톤,2026-09-18,17:31,80000,golfpang,,,18홀,tr_220179845
킹즈락,2026-09-18,17:31,90000,golfpang,,,18홀,tr_220180610
한림광릉,2026-09-18,17:38,140000,golfpang,,,18홀,tr_220180254
대영힐스,2026-09-18,17:38,79000,golfpang,,,18홀,tr_220180481
블랙스톤벨포레,2026-09-18,17:23,55000,golfpang,,,18홀,tr_220180500
그랜드(청주),2026-09-18,18:58,110000,golfpang,,,18홀,tr_220180399
포레스트힐,2026-09-18,18:59,123000,golfpang,,,18홀,tr_219332456
모나크,2026-09-18,17:40,110000,golfpang,,,18홀,tr_220204043
로얄포레,2026-09-18,18:14,69000,golfpang,,,18홀,tr_220106738
비콘힐스,2026-09-18,18:10,80000,golfpang,,,18홀,tr_220204403
라싸,2026-09-18,17:32,139000,golfpang,,,18홀,tr_220129931
라싸,2026-09-18,17:25,139000,golfpang,,,18홀,tr_220129930
한림용인,2026-09-18,18:34,125000,golfpang,,,18홀,tr_220128221
한림용인,2026-09-18,18:06,130000,golfpang,,,18홀,tr_220214941
한림용인,2026-09-18,17:52,135000,golfpang,,,18홀,tr_220214933
해솔리아,2026-09-18,18:18,130000,golfpang,,,18홀,tr_220214889
해솔리아,2026-09-18,18:11,130000,golfpang,,,18홀,tr_220214884
대영베이스,2026-09-18,18:51,89000,golfpang,,,18홀,tr_220214875
힐데스하임,2026-09-18,18:34,90000,golfpang,,,18홀,tr_220214874
힐데스하임,2026-09-18,19:04,80000,golfpang,,,18홀,tr_219621121
대영힐스,2026-09-18,17:31,89000,golfpang,,,18홀,tr_219968368
프린세스,2026-09-18,17:34,125000,golfpang,,,18홀,tr_219822356
대영베이스,2026-09-18,17:44,89000,golfpang,,,18홀,tr_219969047
모나크,2026-09-18,17:03,110000,golfpang,,,18홀,tr_220184138
블랙스톤벨포레,2026-09-18,17:30,55000,golfpang,,,18홀,tr_220036785
블랙스톤벨포레,2026-09-18,18:40,45000,golfpang,,,18홀,tr_220036786
힐데스하임,2026-09-18,18:34,90000,golfpang,,,18홀,tr_220202386
대영베이스,2026-09-18,18:24,89000,golfpang,,,18홀,tr_219969046
모나크,2026-09-18,18:02,110000,golfpang,,,18홀,tr_220184139
힐데스하임,2026-09-18,18:04,95000,golfpang,,,18홀,tr_220202385
킹즈락,2026-09-18,18:06,80000,golfpang,,,18홀,tr_218868139
이븐데일,2026-09-18,17:54,75000,golfpang,,,18홀,tr_219613910
대호단양,2026-09-18,17:11,99000,golfpang,,,18홀,tr_220214055
대영힐스,2026-09-18,18:55,79000,golfpang,,,18홀,tr_220153650
오로라,2026-09-18,18:46,80000,golfpang,,,18홀,tr_220055144
오로라,2026-09-18,17:50,100000,golfpang,,,18홀,tr_220055143
대영힐스,2026-09-18,17:31,89000,golfpang,,,18홀,tr_220214012
센추리21,2026-09-18,18:29,70000,golfpang,,,18홀,tr_220213907
센추리21(퍼),2026-09-18,18:29,65000,golfpang,,,18홀,tr_220213905
센추리21(퍼),2026-09-18,18:00,65000,golfpang,,,18홀,tr_220213903
골프존 안성W,2026-09-18,19:20,110000,golfpang,,,18홀,tr_220055656
센추리21(퍼),2026-09-18,17:40,65000,golfpang,,,18홀,tr_219785134
센추리21,2026-09-18,18:01,70000,golfpang,,,18홀,tr_219798276
센추리21,2026-09-18,17:26,70000,golfpang,,,18홀,tr_219798275
알프스대영,2026-09-18,18:46,69000,golfpang,,,18홀,tr_220195595
알프스대영,2026-09-18,16:54,89000,golfpang,,,18홀,tr_220195593
남한강에스파크,2026-09-18,18:21,79000,golfpang,,,18홀,tr_220193147
남한강에스파크,2026-09-18,18:14,79000,golfpang,,,18홀,tr_220193146
남한강에스파크,2026-09-18,18:07,79000,golfpang,,,18홀,tr_220193145
파주타이거,2026-09-18,18:05,170000,golfpang,,,18홀,tr_220149218
남한강에스파크,2026-09-18,18:28,79000,golfpang,,,18홀,tr_220213490
남한강에스파크,2026-09-18,18:14,79000,golfpang,,,18홀,tr_220213488
한림용인,2026-09-18,17:52,135000,golfpang,,,18홀,tr_220150594
클럽72,2026-09-18,19:03,130000,golfpang,,,18홀,tr_219444044
클럽72,2026-09-18,18:39,140000,golfpang,,,18홀,tr_220004699
한림광릉,2026-09-18,18:41,140000,golfpang,,,18홀,tr_220213393
인천그랜드,2026-09-18,18:01,179000,golfpang,,,18홀,tr_220095326
일라이트,2026-09-18,18:20,87000,golfpang,,,18홀,tr_220204499
로얄링스,2026-09-18,18:00,80000,golfpang,,,18홀,tr_220204487
클럽72,2026-09-18,18:40,140000,golfpang,,,18홀,tr_220210774
클럽72,2026-09-18,17:58,150000,golfpang,,,18홀,tr_220210726
알펜시아700,2026-09-18,18:12,70000,golfpang,,,18홀,tr_220210429
한림용인,2026-09-18,18:06,130000,golfpang,,,18홀,tr_220210427
인천그랜드,2026-09-18,18:36,179000,golfpang,,,18홀,tr_220210423
한림광릉,2026-09-18,18:41,140000,golfpang,,,18홀,tr_220210418
포레스트힐,2026-09-18,18:10,130000,golfpang,,,18홀,tr_220210406
클럽72,2026-09-18,18:39,140000,golfpang,,,18홀,tr_220210403
일레븐,2026-09-18,18:38,55000,golfpang,,,18홀,tr_220000589
이븐데일,2026-09-18,16:50,79000,golfpang,,,18홀,tr_220183924
대영베이스,2026-09-18,17:50,79000,golfpang,,,18홀,tr_219883561
필로스,2026-09-18,17:47,130000,golfpang,,,18홀,tr_220184095
벨라스톤,2026-09-18,17:30,80000,golfpang,,,18홀,tr_219781759
골프존 화랑,2026-09-18,18:30,99000,golfpang,,,18홀,tr_220203772
대영베이스,2026-09-18,17:00,99000,golfpang,,,18홀,tr_219881167
킹즈락,2026-09-18,17:48,80000,golfpang,,,18홀,tr_219781715
알프스대영,2026-09-18,16:34,75000,golfpang,,,18홀,tr_219874829
포레스트힐,2026-09-18,17:40,130000,golfpang,,,18홀,tr_219781762
골프클럽Q,2026-09-18,18:00,120000,golfpang,,,18홀,tr_220204015
남양주(퍼9),2026-09-18,17:00,100000,golfpang,,,18홀,tr_219841765
스톤비치,2026-09-18,17:37,70000,golfpang,,,18홀,tr_220209786
포레스트힐,2026-09-18,18:03,130000,golfpang,,,18홀,tr_219855636
필로스,2026-09-18,18:00,130000,golfpang,,,18홀,tr_220124650
대영힐스,2026-09-18,17:45,79000,golfpang,,,18홀,tr_219997002
세현,2026-09-18,17:41,170000,golfpang,,,18홀,tr_219655781
대영베이스,2026-09-18,17:07,99000,golfpang,,,18홀,tr_219997038
센추리21,2026-09-18,18:01,80000,golfpang,,,18홀,tr_220208044
센추리21,2026-09-18,17:26,80000,golfpang,,,18홀,tr_220208043
오로라,2026-09-18,18:38,80000,golfpang,,,18홀,tr_220207984
클럽72,2026-09-18,17:08,150000,golfpang,,,18홀,tr_220088804
알펜시아700,2026-09-18,19:01,70000,golfpang,,,18홀,tr_220203841
알펜시아700,2026-09-18,18:12,70000,golfpang,,,18홀,tr_220203834
알프스대영,2026-09-18,18:53,69000,golfpang,,,18홀,tr_220203771
알프스대영,2026-09-18,18:46,69000,golfpang,,,18홀,tr_220203766
알프스대영,2026-09-18,18:46,69000,golfpang,,,18홀,tr_220203123
알프스대영,2026-09-18,18:53,69000,golfpang,,,18홀,tr_220203124
알프스대영,2026-09-18,16:54,75000,golfpang,,,18홀,tr_220203122
대영힐스,2026-09-18,17:17,89000,golfpang,,,18홀,tr_220202917
대영힐스,2026-09-18,18:48,79000,golfpang,,,18홀,tr_220202919
대영힐스,2026-09-18,17:31,89000,golfpang,,,18홀,tr_220202918
대영베이스,2026-09-18,18:51,99000,golfpang,,,18홀,tr_220202778
대영베이스,2026-09-18,17:51,99000,golfpang,,,18홀,tr_220202776
대영베이스,2026-09-18,17:51,99000,golfpang,,,18홀,tr_220202777
프린세스,2026-09-18,18:44,120000,golfpang,,,18홀,tr_219427033
옥스필드,2026-09-18,18:18,59000,golfpang,,,18홀,tr_220005101
알펜시아700,2026-09-18,18:12,70000,golfpang,,,18홀,tr_219999481
벨라45 마스터스,2026-09-18,17:45,107500,golfpang,,,18홀,tr_219558332
동서울cc-퍼9,2026-09-18,17:35,65000,golfpang,,,18홀,tr_218232001
벨라45 마스터스,2026-09-18,18:20,107500,golfpang,,,18홀,tr_219558333
벨라스톤,2026-09-18,18:06,80000,golfpang,,,18홀,tr_219989460
벨라스톤,2026-09-18,18:34,80000,golfpang,,,18홀,tr_219989461
벨라스톤,2026-09-18,17:38,80000,golfpang,,,18홀,tr_219989459
힐데스하임,2026-09-18,18:34,90000,golfpang,,,18홀,tr_220195696
오로라,2026-09-18,17:50,100000,golfpang,,,18홀,tr_220193020
오로라,2026-09-18,18:31,80000,golfpang,,,18홀,tr_220193021
플라밍고,2026-09-18,19:13,110000,golfpang,,,18홀,tr_220190853
프린세스,2026-09-18,19:12,115000,golfpang,,,18홀,tr_220190425
프린세스,2026-09-18,18:02,120000,golfpang,,,18홀,tr_220190424
파인스톤,2026-09-18,17:57,150000,golfpang,,,18홀,tr_220190284
킹즈락,2026-09-18,18:48,70000,golfpang,,,18홀,tr_220184546
남한강에스파크,2026-09-18,18:07,99000,golfpang,,,18홀,tr_219558411
모나크,2026-09-18,17:20,110000,golfpang,,,18홀,tr_220174650
동서울cc-퍼9,2026-09-18,17:21,49000,golfpang,,,18홀,tr_220174579
감곡,2026-09-18,19:02,100000,golfpang,,,18홀,tr_220151303
아난티중앙(야간),2026-09-18,17:35,140000,golfpang,,,18홀,tr_220149883
아난티중앙(야간),2026-09-18,18:20,130000,golfpang,,,18홀,tr_220149884
벨라45 마스터스,2026-09-18,17:24,107500,golfpang,,,18홀,tr_219092670
벨라45 마스터스,2026-09-18,17:17,107500,golfpang,,,18홀,tr_219092671
남양주(퍼9),2026-09-18,17:14,100000,golfpang,,,18홀,tr_220129554
몽베르(대중제),2026-09-18,17:14,140000,golfpang,,,18홀,tr_219718147
파주타이거,2026-09-18,16:53,170000,golfpang,,,18홀,tr_220148340
남양주(퍼9),2026-09-18,16:40,100000,golfpang,,,18홀,tr_220129553
아세코밸리-퍼9,2026-09-18,16:35,120000,golfpang,,,18홀,tr_220106334
세현,2026-09-18,17:34,170000,golfpang,,,18홀,tr_220070087
파주타이거,2026-09-18,17:35,170000,golfpang,,,18홀,tr_220148341
해솔리아,2026-09-18,18:11,130000,golfpang,,,18홀,tr_220128437
스타,2026-09-18,18:10,100000,golfpang,,,18홀,tr_219784131
스타,2026-09-18,17:35,110000,golfpang,,,18홀,tr_219784129
베스트밸리-퍼9,2026-09-18,18:09,130000,golfpang,,,18홀,tr_220130394
세레니티cc,2026-09-18,18:06,140000,golfpang,,,18홀,tr_219601056
한림광릉,2026-09-18,18:06,140000,golfpang,,,18홀,tr_220149612
파주타이거,2026-09-18,18:05,170000,golfpang,,,18홀,tr_220148342
알펜시아700,2026-09-18,18:05,80000,golfpang,,,18홀,tr_219795226
스타,2026-09-18,18:03,100000,golfpang,,,18홀,tr_219784130
포레스트힐,2026-09-18,18:03,130000,golfpang,,,18홀,tr_220148564
몽베르(대중제),2026-09-18,18:03,130000,golfpang,,,18홀,tr_219718148
파주,2026-09-18,18:02,170000,golfpang,,,18홀,tr_220145595
베스트밸리-퍼9,2026-09-18,18:02,130000,golfpang,,,18홀,tr_220130393
라싸,2026-09-18,18:00,139000,golfpang,,,18홀,tr_220129932
대호단양,2026-09-18,18:00,89000,golfpang,,,18홀,tr_219932207
알프스대영,2026-09-18,17:57,59000,golfpang,,,18홀,tr_219746345
포레스트힐,2026-09-18,17:56,130000,golfpang,,,18홀,tr_220148563
빅토리아-퍼9,2026-09-18,17:52,89000,golfpang,,,18홀,tr_220058089
한림광릉,2026-09-18,17:52,140000,golfpang,,,18홀,tr_220149611
대영베이스,2026-09-18,17:51,99000,golfpang,,,18홀,tr_220118119
한림광릉,2026-09-18,17:45,140000,golfpang,,,18홀,tr_220149610
스프링베일-퍼9,2026-09-18,17:43,80000,golfpang,,,18홀,tr_220142442
파주,2026-09-18,17:41,170000,golfpang,,,18홀,tr_220145594
포웰(안성)cc,2026-09-18,19:42,112000,golfpang,,,18홀,tr_220128006
포레스트힐,2026-09-18,18:59,130000,golfpang,,,18홀,tr_220148565
대영베이스,2026-09-18,18:51,99000,golfpang,,,18홀,tr_220118120
포웰(안성)cc,2026-09-18,18:46,122000,golfpang,,,18홀,tr_220128005
세현,2026-09-18,18:44,170000,golfpang,,,18홀,tr_220070089
블랙스톤벨포레,2026-09-18,18:33,50000,golfpang,,,18홀,tr_219600361
이천실크밸리,2026-09-18,18:31,115000,golfpang,,,18홀,tr_220126138
세현,2026-09-18,18:30,170000,golfpang,,,18홀,tr_220070088
세레니티-강촌,2026-09-18,18:21,110000,golfpang,,,18홀,tr_220139369
포웰(안성)cc,2026-09-18,18:18,135000,golfpang,,,18홀,tr_220128004
베스트밸리-퍼9,2026-09-18,18:16,130000,golfpang,,,18홀,tr_220130395
벨라45 마스터스,2026-09-18,18:13,107500,golfpang,,,18홀,tr_219092672
남양주(퍼9),2026-09-18,16:20,100000,golfpang,,,18홀,tr_220149666
남양주(퍼9),2026-09-18,17:00,100000,golfpang,,,18홀,tr_220149667
용인플라자,2026-09-18,18:05,160000,golfpang,,,18홀,tr_220128850
용인플라자,2026-09-18,18:34,160000,golfpang,,,18홀,tr_220128851
용인플라자,2026-09-18,17:30,160000,golfpang,,,18홀,tr_220128849
이천실크밸리,2026-09-18,18:31,115000,golfpang,,,18홀,tr_220127146
아세코밸리-퍼9,2026-09-18,16:35,120000,golfpang,,,18홀,tr_220088334
빅토리아-퍼9,2026-09-18,18:06,89000,golfpang,,,18홀,tr_220126871
클럽72,2026-09-18,17:01,150000,golfpang,,,18홀,tr_219769808
클럽72,2026-09-18,18:04,140000,golfpang,,,18홀,tr_219769809
클럽72,2026-09-18,19:00,130000,golfpang,,,18홀,tr_219769810
해솔리아,2026-09-18,18:11,130000,golfpang,,,18홀,tr_220126447
해솔리아,2026-09-18,17:29,140000,golfpang,,,18홀,tr_220126445
해솔리아,2026-09-18,18:04,130000,golfpang,,,18홀,tr_220126446
한림광릉,2026-09-18,18:13,140000,golfpang,,,18홀,tr_220125803
한림광릉,2026-09-18,17:59,140000,golfpang,,,18홀,tr_220125802
한림광릉,2026-09-18,17:59,140000,golfpang,,,18홀,tr_220125804
알펜시아700,2026-09-18,17:30,100000,golfpang,,,18홀,tr_219553687
벨라45 마스터스,2026-09-18,17:31,107500,golfpang,,,18홀,tr_219347042
벨라스톤,2026-09-18,17:59,80000,golfpang,,,18홀,tr_219822265
벨라스톤,2026-09-18,18:13,80000,golfpang,,,18홀,tr_219822266
벨라45 마스터스,2026-09-18,17:38,107500,golfpang,,,18홀,tr_219347041
벨라45 마스터스,2026-09-18,17:24,107500,golfpang,,,18홀,tr_219347040
벨라스톤,2026-09-18,17:59,80000,golfpang,,,18홀,tr_219822264
오로라,2026-09-18,18:30,80000,golfpang,,,18홀,tr_219886111
스타,2026-09-18,17:42,110000,golfpang,,,18홀,tr_220029255
감곡,2026-09-18,18:55,100000,golfpang,,,18홀,tr_219322501
골프존 화랑,2026-09-18,19:10,99000,golfpang,,,18홀,tr_220115517
감곡,2026-09-18,18:55,100000,golfpang,,,18홀,tr_219322499
스타,2026-09-18,18:03,100000,golfpang,,,18홀,tr_220029256
세레니티cc,2026-09-18,18:13,140000,golfpang,,,18홀,tr_218839232
감곡,2026-09-18,18:06,110000,golfpang,,,18홀,tr_219322500
세레니티cc,2026-09-18,18:06,140000,golfpang,,,18홀,tr_218839231
세레니티cc,2026-09-18,18:06,140000,golfpang,,,18홀,tr_218839233
블랙스톤벨포레,2026-09-18,17:37,55000,golfpang,,,18홀,tr_219588136
대호단양,2026-09-18,17:04,109000,golfpang,,,18홀,tr_218339888
스타,2026-09-18,17:35,110000,golfpang,,,18홀,tr_220029254
파주,2026-09-18,17:13,170000,golfpang,,,18홀,tr_218577952
필로스,2026-09-18,18:00,130000,golfpang,,,18홀,tr_219688470
포레스트힐,2026-09-18,17:35,130000,golfpang,,,18홀,tr_218624393
필로스,2026-09-18,18:07,130000,golfpang,,,18홀,tr_219688471
포레스트힐,2026-09-18,17:35,130000,golfpang,,,18홀,tr_218624391
몽베르(대중제),2026-09-18,17:56,130000,golfpang,,,18홀,tr_219584316
필로스,2026-09-18,17:54,130000,golfpang,,,18홀,tr_219688469
파주타이거,2026-09-18,16:59,170000,golfpang,,,18홀,tr_219327425
파주타이거,2026-09-18,16:59,170000,golfpang,,,18홀,tr_219327427
베스트밸리-퍼9,2026-09-18,16:59,140000,golfpang,,,18홀,tr_219711153
베스트밸리-퍼9,2026-09-18,17:34,130000,golfpang,,,18홀,tr_219711154
비콘힐스,2026-09-18,17:02,85000,golfpang,,,18홀,tr_219870557
포레스트힐,2026-09-18,17:42,130000,golfpang,,,18홀,tr_218624392
파주,2026-09-18,17:06,170000,golfpang,,,18홀,tr_218577951
파주,2026-09-18,16:52,170000,golfpang,,,18홀,tr_218577950
파주타이거,2026-09-18,17:23,170000,golfpang,,,18홀,tr_219327426
한림용인,2026-09-18,18:34,135000,golfpang,,,18홀,tr_220038560
용인플라자,2026-09-18,17:44,160000,golfpang,,,18홀,tr_219553039
아난티중앙(야간),2026-09-18,17:44,130000,golfpang,,,18홀,tr_220046045
세현,2026-09-18,17:48,180000,golfpang,,,18홀,tr_219164121
빅토리아-퍼9,2026-09-18,17:52,89000,golfpang,,,18홀,tr_219749673
세현,2026-09-18,17:55,180000,golfpang,,,18홀,tr_219164122
이천실크밸리,2026-09-18,17:56,120000,golfpang,,,18홀,tr_219913061
한림용인,2026-09-18,17:59,140000,golfpang,,,18홀,tr_220038559
아세코밸리-퍼9,2026-09-18,16:35,120000,golfpang,,,18홀,tr_219912867
유니아일랜드,2026-09-18,16:38,120000,golfpang,,,18홀,tr_219934154
윈체스트,2026-09-18,17:01,170000,golfpang,,,18홀,tr_217891741
윈체스트,2026-09-18,17:15,170000,golfpang,,,18홀,tr_217891742
용인플라자,2026-09-18,17:30,160000,golfpang,,,18홀,tr_219553038
용인플라자,2026-09-18,17:31,160000,golfpang,,,18홀,tr_219553037
세현,2026-09-18,17:34,180000,golfpang,,,18홀,tr_219164120
한림용인,2026-09-18,17:38,140000,golfpang,,,18홀,tr_220038558
아난티중앙(야간),2026-09-18,18:11,120000,golfpang,,,18홀,tr_220046046
블랙스톤벨포레,2026-09-18,17:23,55000,golfpang,,,18홀,tr_220107435
모나크,2026-09-18,17:27,110000,golfpang,,,18홀,tr_220107014
대영베이스,2026-09-18,17:57,79000,golfpang,,,18홀,tr_220105427
골프존 화랑,2026-09-18,18:42,99000,golfpang,,,18홀,tr_220105188
한림광릉,2026-09-18,17:31,170000,golfpang,,,18홀,tr_220070514
파주(비공개),2026-09-18,17:20,170000,golfpang,,,18홀,tr_220070392
골프존 안성W,2026-09-18,19:06,110000,golfpang,,,18홀,tr_220049189
골프존 안성W,2026-09-18,17:42,120000,golfpang,,,18홀,tr_220049187
골프존 안성W,2026-09-18,18:38,110000,golfpang,,,18홀,tr_220049188
알펜시아700,2026-09-18,18:12,90000,golfpang,,,18홀,tr_219149644
감곡,2026-09-18,18:00,110000,golfpang,,,18홀,tr_219584957
감곡,2026-09-18,18:00,110000,golfpang,,,18홀,tr_219584958
감곡,2026-09-18,18:00,110000,golfpang,,,18홀,tr_219584956
